EmployeeID,Age,Department,MonthlyIncome,YearsAtCompany,JobSatisfaction,WorkLifeBalance,PerformanceRating,OverTime,DistanceFromHome,Attrition
1001,59,Engineering,23262,15,2,4,2,Yes,34,Yes
1002,49,Engineering,86981,19,1,1,4,No,42,No
1003,35,Engineering,101972,4,5,2,3,No,2,No
1004,28,HR,95485,12,2,2,4,No,30,No
1005,41,Engineering,74722,17,1,3,2,Yes,9,Yes
1006,59,Marketing,109499,16,2,5,2,No,27,No
1007,39,Marketing,70818,8,4,1,1,No,42,Yes
1008,43,Sales,49932,13,3,2,5,No,34,No
1009,31,HR,26901,16,2,1,5,No,40,No
1010,31,Engineering,119023,3,1,4,4,Yes,24,No
1011,44,HR,28597,17,4,4,3,No,49,No
1012,56,Marketing,83909,19,5,5,3,No,17,No
1013,60,Sales,92391,14,4,2,1,No,29,No
1014,44,Engineering,104214,10,3,3,2,No,36,No
1015,23,Sales,28263,11,4,2,1,Yes,50,Yes
1016,42,Sales,83293,8,5,1,5,No,12,No
1017,22,Engineering,45805,12,1,4,2,No,31,No
1018,44,Engineering,111679,14,2,1,1,No,49,Yes
1019,50,Finance,31874,14,3,5,4,No,9,No
1020,58,Engineering,113065,4,5,4,5,No,19,No
1021,22,Engineering,106402,18,3,3,3,No,46,No
1022,41,HR,34079,19,4,4,1,No,46,No
1023,53,Sales,69850,13,3,2,5,No,17,No
1024,32,Finance,92779,16,5,2,5,Yes,2,No
1025,42,HR,115408,17,2,4,3,No,40,No
1026,45,Marketing,29018,20,2,5,3,No,5,No
1027,47,Sales,69500,2,3,2,3,No,39,No
1028,48,Engineering,32100,1,1,2,1,No,48,Yes
1029,36,Engineering,77021,0,3,3,3,No,16,No
1030,35,Marketing,39800,9,4,4,4,Yes,17,No
1031,23,Sales,83400,18,2,2,5,No,27,No
1032,57,Engineering,112446,16,2,5,3,No,7,No
1033,27,Finance,49437,11,2,1,5,No,8,No
1034,41,Engineering,96537,0,1,4,2,Yes,8,No
1035,29,Engineering,66675,11,1,3,2,No,23,Yes
1036,59,Sales,39942,16,5,2,3,Yes,32,No
1037,38,Finance,40862,2,3,5,5,No,43,No
1038,24,Sales,31669,10,3,4,2,No,47,No
1039,45,Marketing,73772,16,4,5,3,No,18,No
1040,34,Marketing,35916,2,2,5,5,No,38,Yes
1041,29,Sales,30878,7,1,3,3,No,12,No
1042,46,Marketing,22985,19,4,4,5,No,15,No
1043,22,Sales,117905,3,4,2,2,No,28,No
1044,40,Engineering,93648,20,1,3,3,Yes,38,No
1045,48,Marketing,61235,6,3,2,2,No,50,Yes
1046,27,Finance,38931,13,2,1,3,No,31,Yes
1047,28,HR,112876,13,3,5,1,Yes,9,No
1048,55,Engineering,20336,3,4,1,2,Yes,8,No
1049,34,Sales,62933,15,2,5,2,No,46,No
1050,37,Sales,104899,0,5,3,4,Yes,19,No
1051,56,Sales,65536,16,4,2,2,Yes,8,No
1052,60,Sales,89504,9,3,2,5,No,34,No
1053,24,Engineering,119214,15,3,3,3,No,4,No
1054,22,Engineering,71148,15,3,4,1,No,31,No
1055,26,Engineering,36279,7,1,1,5,Yes,38,No
1056,24,Sales,88665,6,4,1,5,Yes,3,No
1057,49,Engineering,91386,5,2,2,5,No,35,Yes
1058,38,Marketing,106124,15,3,2,5,Yes,19,No
1059,46,Engineering,97485,19,3,2,1,No,43,No
1060,54,Finance,94055,15,1,3,4,Yes,29,No
1061,30,Finance,111911,6,2,4,2,No,10,No
1062,56,Sales,118618,8,4,1,5,No,12,Yes
1063,34,Marketing,97273,13,5,5,2,Yes,46,No
1064,51,HR,86670,10,1,3,2,No,30,Yes
1065,35,HR,96474,13,4,1,5,Yes,30,No
1066,28,Engineering,74028,6,5,4,4,No,18,No
1067,34,Engineering,110022,0,3,3,2,No,24,No
1068,43,Engineering,111632,12,3,1,3,No,32,No
1069,60,Engineering,91128,19,2,3,2,No,9,No
1070,41,HR,38108,2,5,1,5,No,47,No
1071,36,Marketing,72495,19,3,1,1,Yes,24,No
1072,38,Engineering,102806,3,3,4,2,Yes,26,No
1073,44,Marketing,113185,10,2,5,4,No,3,No
1074,46,Sales,96533,1,4,4,3,No,23,No
1075,45,Sales,119025,13,3,1,3,Yes,11,No
1076,49,Marketing,76830,11,1,3,1,Yes,10,No
1077,35,Engineering,94640,16,1,4,1,No,50,No
1078,21,Sales,72509,11,4,5,2,No,36,No
1079,45,Sales,86406,11,5,1,5,No,13,No
1080,27,Sales,114220,0,2,4,4,No,29,No
1081,29,Finance,59519,12,1,4,3,No,38,No
1082,44,HR,69649,13,1,4,1,Yes,13,No
1083,21,Finance,54524,1,4,4,4,Yes,26,No
1084,28,HR,116493,11,5,3,5,Yes,20,Yes
1085,44,Engineering,53885,20,5,5,3,No,5,No
1086,31,Engineering,64369,15,4,5,3,No,20,No
1087,37,HR,115402,3,1,1,5,No,14,No
1088,28,Sales,50676,7,2,2,3,Yes,45,Yes
1089,55,Finance,84093,1,1,3,5,No,14,No
1090,55,Marketing,67764,9,5,1,3,No,8,No
1091,53,Engineering,70799,8,1,1,2,No,48,No
1092,25,Finance,99414,14,2,4,5,Yes,13,Yes
1093,59,Marketing,113095,12,3,2,4,No,24,No
1094,48,Marketing,92307,16,1,2,2,Yes,15,No
1095,27,Sales,102062,15,4,3,4,No,1,No
1096,29,Engineering,115432,1,3,2,3,No,22,No
1097,28,Engineering,51923,19,4,1,4,Yes,34,No
1098,32,Sales,98388,19,4,2,2,No,50,No
1099,54,Sales,67574,13,4,2,5,Yes,40,No
1100,53,Marketing,63391,2,1,5,1,No,3,No
1101,43,Sales,73664,11,5,1,4,Yes,26,No
1102,44,HR,87384,7,3,2,1,No,14,No
1103,57,Finance,51027,1,2,2,4,No,41,Yes
1104,55,Finance,55464,3,5,4,4,No,8,No
1105,60,Engineering,54485,13,1,2,5,No,49,Yes
1106,42,Finance,39456,15,4,2,3,No,16,No
1107,47,Sales,94795,18,2,5,2,Yes,42,No
1108,55,Sales,55554,1,3,1,2,No,21,No
1109,21,HR,66922,11,5,3,2,No,10,No
1110,55,Engineering,33409,13,5,1,3,No,25,No
1111,57,Engineering,89327,5,2,4,1,No,38,No
1112,34,HR,111400,12,1,1,2,No,22,No
1113,23,Sales,56639,3,3,2,1,No,49,No
1114,21,Sales,83627,17,2,4,3,No,48,No
1115,25,Engineering,103424,11,4,1,3,No,47,No
1116,46,Marketing,39692,19,3,4,5,Yes,46,No
1117,34,HR,109037,20,5,3,2,No,4,No
1118,59,Engineering,98840,18,2,1,5,No,4,No
1119,47,Engineering,74200,7,5,2,2,No,30,No
1120,29,Sales,113063,6,5,4,3,No,2,No
1121,35,Sales,77415,15,5,5,3,Yes,29,No
1122,35,Marketing,38074,18,1,4,4,No,43,No
1123,46,Engineering,35549,5,5,5,4,No,36,No
1124,33,Sales,49963,19,4,2,3,No,21,No
1125,52,Marketing,111456,20,4,3,3,Yes,21,No
1126,59,HR,116362,10,3,5,1,Yes,48,No
1127,52,HR,72265,4,5,3,1,No,21,No
1128,24,Sales,36061,15,5,4,5,No,4,No
1129,50,Sales,78226,6,2,2,4,No,1,No
1130,57,Sales,48810,4,1,5,4,Yes,26,Yes
1131,43,Sales,80006,10,3,4,3,No,2,No
1132,59,Marketing,42800,14,5,1,3,Yes,9,Yes
1133,35,Marketing,95476,2,2,4,5,Yes,45,No
1134,49,Marketing,89460,4,1,3,4,No,18,No
1135,56,Marketing,77767,20,3,2,1,No,48,No
1136,33,Engineering,48054,4,3,2,2,Yes,48,No
1137,52,Marketing,95319,8,5,4,5,No,42,No
1138,27,Engineering,65397,14,3,1,2,Yes,41,Yes
1139,42,Engineering,33233,2,2,3,1,Yes,11,Yes
1140,48,Engineering,110020,5,3,4,1,Yes,25,No
1141,22,Sales,45068,16,4,4,2,No,26,No
1142,26,Engineering,85727,20,2,2,5,Yes,36,No
1143,48,Finance,110610,7,1,3,2,No,42,No
1144,48,Sales,90453,20,1,1,5,Yes,35,No
1145,40,Sales,45832,10,5,2,5,Yes,38,No
1146,50,Engineering,106242,5,5,4,3,Yes,3,No
1147,31,Marketing,33682,7,4,2,4,No,41,No
1148,48,HR,112298,9,1,2,4,No,35,No
1149,45,Marketing,43383,2,1,5,1,No,50,No
1150,59,Sales,78160,13,1,2,3,No,40,No
1151,53,HR,113332,13,1,2,4,No,22,No
1152,21,Engineering,43666,9,3,3,5,No,8,No
1153,47,Marketing,78817,11,2,2,5,Yes,15,Yes
1154,33,HR,111198,5,2,1,2,No,45,No
1155,23,Sales,54642,11,4,4,2,No,7,No
1156,59,Sales,61830,13,3,3,5,No,19,No
1157,26,Sales,30234,1,1,2,5,No,40,Yes
1158,28,Engineering,77616,8,1,1,2,No,42,No
1159,47,Engineering,29221,9,5,4,4,No,17,No
1160,29,HR,31410,16,5,3,1,No,1,No
1161,57,Engineering,100055,16,4,1,2,No,45,No
1162,53,Engineering,81413,2,1,2,4,No,29,No
1163,44,Sales,21051,18,4,5,4,No,13,No
1164,35,Sales,95301,0,3,5,4,No,48,No
1165,52,Finance,96918,11,2,3,3,No,29,No
1166,52,Sales,98116,6,1,1,3,Yes,41,Yes
1167,44,Marketing,76563,3,3,4,4,No,42,No
1168,32,Marketing,117859,9,1,1,5,Yes,6,No
1169,59,HR,64757,12,5,5,3,No,5,No
1170,22,Finance,97475,1,4,3,2,No,34,No
1171,23,Engineering,71257,9,5,2,3,No,11,No
1172,57,Finance,115500,20,2,1,5,No,9,No
1173,37,Sales,20307,3,5,5,1,No,38,No
1174,22,Sales,76889,17,1,4,3,Yes,40,No
1175,22,Marketing,88895,4,5,3,4,No,41,No
1176,48,Finance,115184,18,1,2,4,No,9,No
1177,43,Marketing,55944,1,2,1,4,No,8,Yes
1178,57,Sales,119555,11,5,4,1,No,44,No
1179,52,Engineering,58134,16,4,2,5,No,40,No
1180,53,Finance,47323,9,4,5,2,Yes,3,No
1181,21,Engineering,91762,1,4,5,5,No,13,No
1182,39,Marketing,107225,5,5,4,1,Yes,19,No
1183,22,Marketing,116507,7,5,5,4,No,34,No
1184,46,Engineering,45954,18,5,3,5,No,32,Yes
1185,52,Engineering,75021,10,1,4,2,Yes,49,No
1186,26,Engineering,109959,11,2,5,4,No,16,No
1187,52,Sales,115927,8,4,1,2,No,36,No
1188,24,Finance,99866,1,1,5,3,No,18,No
1189,31,Engineering,90427,7,4,3,2,Yes,14,No
1190,37,Finance,24992,10,1,2,4,Yes,30,No
1191,58,Sales,21961,20,5,2,3,No,2,No
1192,44,Finance,32497,3,4,5,4,Yes,13,No
1193,25,Engineering,52551,9,5,2,4,No,27,No
1194,54,Sales,96384,20,4,5,3,No,17,No
1195,26,Sales,75755,19,3,3,2,Yes,31,No
1196,42,Marketing,33255,15,1,2,1,No,15,No
1197,31,Marketing,24567,7,3,1,1,No,20,Yes
1198,36,Marketing,68847,3,1,5,1,No,5,No
1199,53,Sales,68003,9,2,2,1,No,7,Yes
1200,29,Sales,40389,11,4,3,5,No,18,No
1201,26,Engineering,64523,13,2,3,1,No,11,No
1202,36,Engineering,81576,15,2,1,3,No,32,No
1203,49,Engineering,63919,17,1,3,1,Yes,50,No
1204,23,Finance,102103,20,3,3,4,No,27,Yes
1205,40,Finance,23358,20,5,2,1,No,26,No
1206,56,Finance,108535,11,1,5,2,No,37,No
1207,39,Marketing,96524,17,5,4,3,No,45,No
1208,46,Engineering,117057,6,2,3,3,No,28,No
1209,23,Engineering,25698,19,5,3,5,No,50,No
1210,39,Engineering,86809,6,3,4,4,Yes,2,No
1211,40,Marketing,113079,8,1,3,3,Yes,20,Yes
1212,52,Sales,75805,0,3,2,2,Yes,4,Yes
1213,27,Engineering,51349,5,3,2,1,No,13,No
1214,53,Sales,96777,5,1,4,3,No,24,Yes
1215,60,Engineering,70248,11,3,3,2,No,48,No
1216,59,Finance,95033,11,4,3,1,No,38,No
1217,38,Marketing,118239,9,4,5,5,No,40,No
1218,60,Sales,64041,5,4,3,3,No,48,No
1219,21,Finance,51954,16,5,2,3,No,45,No
1220,31,Marketing,28002,18,3,1,2,No,29,No
1221,48,Sales,89783,17,1,1,4,Yes,36,Yes
1222,45,Engineering,107234,5,1,1,5,Yes,2,Yes
1223,43,Engineering,39738,18,5,1,4,No,41,No
1224,51,Sales,30703,9,1,3,3,No,18,Yes
1225,50,Finance,69422,7,4,3,4,No,49,No
1226,55,Engineering,103106,20,3,5,1,No,8,No
1227,27,Finance,81899,5,1,3,5,Yes,15,No
1228,36,Engineering,32392,20,1,1,4,No,41,No
1229,46,Sales,64724,6,2,4,1,No,17,No
1230,22,Engineering,52299,0,2,4,2,Yes,23,No
1231,21,Sales,35641,17,2,2,4,No,2,No
1232,32,Engineering,99534,19,3,2,5,No,6,No
1233,25,Finance,26305,11,4,3,1,No,29,No
1234,57,Engineering,118262,15,4,4,4,Yes,27,No
1235,52,HR,38782,9,4,1,2,No,37,No
1236,29,Sales,98257,9,3,1,4,No,49,No
1237,55,Sales,97963,13,3,1,1,Yes,34,No
1238,39,Sales,40566,19,2,3,4,No,18,Yes
1239,36,HR,87766,9,1,3,5,No,42,Yes
1240,23,Sales,26511,9,5,5,3,No,10,No
1241,40,Engineering,46177,10,5,1,1,No,38,No
1242,44,HR,24765,1,1,1,1,Yes,44,Yes
1243,53,Engineering,40354,19,2,3,1,No,17,No
1244,44,Sales,43929,7,1,3,1,No,13,No
1245,31,Engineering,48820,6,1,5,4,Yes,48,No
1246,28,Finance,49523,7,5,5,5,No,42,No
1247,56,Marketing,91088,0,2,2,2,No,27,Yes
1248,58,Engineering,86163,20,3,4,5,No,2,No
1249,60,Sales,97525,1,5,1,1,No,34,No
1250,40,Finance,33780,17,3,1,4,Yes,31,No
1251,55,Marketing,26589,14,2,5,4,No,23,Yes
1252,45,Engineering,54812,0,1,5,1,Yes,7,No
1253,55,Finance,113664,4,4,2,4,Yes,38,Yes
1254,45,Engineering,65939,1,4,4,1,No,33,No
1255,49,Engineering,71493,19,2,2,5,No,12,No
1256,38,HR,113326,2,4,4,3,No,45,No
1257,38,Sales,60953,18,3,1,4,Yes,12,No
1258,22,Finance,85785,17,4,2,1,No,19,No
1259,55,Marketing,39309,17,2,5,1,No,9,No
1260,36,HR,74195,13,2,2,4,No,10,No
1261,56,Sales,45901,7,3,2,2,No,17,No
1262,53,Sales,43576,11,4,1,1,No,50,Yes
1263,24,Engineering,51508,20,4,5,4,No,40,No
1264,53,Marketing,94711,9,1,5,1,Yes,39,No
1265,34,Engineering,45464,19,5,3,2,No,41,Yes
1266,41,Engineering,80281,16,2,3,3,No,10,No
1267,40,Marketing,36260,10,1,3,2,No,12,No
1268,28,Sales,55440,1,2,1,5,Yes,15,Yes
1269,27,Marketing,115082,3,1,2,4,No,31,No
1270,23,Sales,76683,0,5,5,2,No,15,No
1271,37,Finance,61430,14,1,5,3,No,28,No
1272,53,Engineering,21987,12,2,2,1,No,4,Yes
1273,32,Sales,45105,7,4,5,4,No,36,No
1274,42,Engineering,98484,3,2,2,2,No,1,No
1275,42,Engineering,33026,9,3,1,3,No,44,No
1276,50,Marketing,88309,18,3,1,2,Yes,34,No
1277,58,Marketing,65927,17,3,1,5,No,47,No
1278,58,HR,95414,4,3,2,4,No,17,No
1279,28,Sales,77535,18,5,2,1,No,39,No
1280,47,Sales,62946,15,4,4,3,No,38,Yes
1281,47,Sales,76561,0,4,5,2,Yes,44,No
1282,54,HR,30377,11,2,5,4,No,33,No
1283,41,Finance,73592,1,1,4,2,No,21,No
1284,50,Engineering,27347,20,2,4,4,No,26,No
1285,53,Sales,53776,7,2,1,5,Yes,46,No
1286,48,HR,23783,17,2,4,2,No,36,No
1287,53,Marketing,75798,15,2,2,5,No,5,No
1288,25,Marketing,24298,4,4,3,3,No,33,No
1289,39,Finance,90204,12,1,2,5,No,1,No
1290,24,Engineering,106207,18,2,4,4,No,6,No
1291,55,Sales,75161,2,4,5,3,No,37,Yes
1292,37,Finance,80652,7,2,2,2,No,2,No
1293,48,Marketing,54484,11,3,5,2,No,5,No
1294,50,Engineering,118614,1,2,2,4,No,26,Yes
1295,49,Marketing,40922,10,2,5,1,No,41,No
1296,26,Marketing,54028,11,5,2,1,No,47,No
1297,55,HR,40316,17,3,5,2,Yes,13,No
1298,57,Marketing,96996,12,1,3,4,No,12,No
1299,44,Engineering,36968,4,2,1,1,No,5,No
1300,49,Engineering,50266,11,1,2,5,Yes,2,Yes
1301,51,Engineering,115745,1,3,3,2,Yes,4,No
1302,55,Marketing,44000,4,2,1,5,Yes,27,No
1303,53,Marketing,34011,6,5,2,4,No,50,No
1304,41,Marketing,22866,11,4,3,5,No,10,No
1305,52,Sales,25898,15,5,3,1,Yes,13,No
1306,43,Marketing,38395,7,5,3,1,No,44,No
1307,53,Marketing,59019,8,4,4,3,No,2,No
1308,23,Marketing,24006,14,4,5,2,No,26,No
1309,38,Marketing,54393,4,4,1,4,No,15,No
1310,45,Marketing,30956,12,2,5,2,No,46,No
1311,51,Engineering,70042,4,1,5,5,No,10,No
1312,23,Engineering,116199,10,1,5,4,Yes,22,No
1313,60,Sales,26078,9,4,3,4,Yes,40,Yes
1314,44,Engineering,49631,19,5,5,1,No,25,No
1315,52,HR,115676,12,3,4,5,No,15,No
1316,42,Marketing,82901,8,4,2,1,No,13,No
1317,43,Sales,89497,20,5,3,1,Yes,8,No
1318,22,Sales,114813,13,5,1,3,Yes,21,No
1319,47,Marketing,61574,17,2,2,1,No,21,No
1320,22,Sales,51417,14,2,2,2,No,22,No
1321,46,Sales,108020,9,1,2,4,No,46,Yes
1322,37,Sales,103639,6,1,5,1,No,33,No
1323,60,Sales,85006,7,3,5,2,No,45,No
1324,53,Sales,114881,2,3,3,5,No,27,Yes
1325,29,Engineering,59454,14,3,5,4,No,40,No
1326,59,Engineering,21587,15,3,5,5,Yes,50,No
1327,49,Finance,74710,3,5,5,2,No,22,No
1328,46,Engineering,106567,20,5,3,5,No,30,No
1329,55,Marketing,111748,5,1,3,5,No,9,No
1330,45,Sales,95886,0,2,4,5,No,45,No
1331,44,Sales,38816,3,2,4,1,No,35,No
1332,33,Marketing,105824,10,4,4,1,Yes,18,No
1333,27,Sales,49432,11,5,4,1,Yes,42,No
1334,56,Engineering,68617,4,3,2,4,Yes,5,No
1335,40,HR,92373,20,3,2,2,Yes,27,No
1336,21,HR,54217,15,4,4,1,No,6,No
1337,28,Sales,40884,12,2,4,5,No,32,No
1338,36,Engineering,25454,12,3,1,5,Yes,8,No
1339,34,HR,94960,16,2,2,5,No,39,No
1340,32,Sales,63618,6,4,1,5,No,21,No
1341,43,Marketing,103948,7,2,1,3,No,18,Yes
1342,35,Marketing,82671,12,2,5,4,No,14,No
1343,48,Finance,67111,15,2,3,2,No,15,No
1344,54,Sales,59613,3,3,2,2,Yes,42,Yes
1345,22,Marketing,105678,7,1,4,1,No,26,No
1346,52,Engineering,79993,15,5,4,3,Yes,44,No
1347,43,Engineering,28848,20,2,3,2,No,32,No
1348,42,Sales,98672,9,2,2,4,No,39,No
1349,45,Marketing,86125,11,2,4,5,No,28,No
1350,42,Sales,106444,11,1,4,1,No,39,No
1351,42,Engineering,81602,4,4,5,4,No,43,No
1352,26,Sales,92045,15,3,1,2,Yes,32,No
1353,35,Marketing,62222,0,1,4,3,No,13,No
1354,57,Marketing,69223,8,2,2,1,No,15,No
1355,53,Marketing,85333,11,1,3,2,No,18,No
1356,28,Engineering,72732,4,1,5,1,Yes,39,Yes
1357,25,Sales,69420,19,1,2,2,No,6,No
1358,59,HR,95504,2,4,5,5,No,11,No
1359,24,Engineering,22462,4,5,1,3,No,32,No
1360,26,Sales,29460,1,3,4,5,No,40,No
1361,52,Marketing,119319,13,4,2,2,No,20,No
1362,50,Finance,29275,1,4,3,4,No,33,No
1363,55,Marketing,114213,12,5,1,5,No,40,No
1364,60,Marketing,33269,6,4,1,4,No,8,No
1365,36,Finance,85942,9,1,5,2,No,35,Yes
1366,33,Sales,92920,12,1,1,3,Yes,5,No
1367,50,HR,42553,15,2,2,4,Yes,35,No
1368,39,Finance,44366,13,4,5,2,No,47,No
1369,37,Sales,64036,10,2,1,4,Yes,14,No
1370,39,Marketing,37369,9,3,3,5,No,21,No
1371,48,HR,31795,5,1,2,2,Yes,47,Yes
1372,46,HR,90021,3,3,3,5,No,24,No
1373,57,Marketing,88154,20,5,3,1,Yes,17,No
1374,46,Finance,50143,0,1,5,2,No,18,No
1375,43,Marketing,49425,6,3,4,4,No,34,No
1376,29,Sales,108209,8,5,5,1,No,12,No
1377,32,Finance,95139,7,3,2,5,No,16,No
1378,21,Sales,25368,4,5,2,5,Yes,4,No
1379,21,Engineering,24621,18,5,5,4,Yes,25,Yes
1380,54,Engineering,78829,9,1,4,1,No,34,No
1381,52,Engineering,80294,10,2,5,3,No,28,No
1382,45,Engineering,34719,14,5,2,4,No,46,Yes
1383,60,Finance,49227,5,5,4,5,No,11,No
1384,21,Marketing,27566,14,1,2,2,No,13,Yes
1385,36,HR,32306,4,2,4,1,Yes,31,No
1386,59,Sales,73822,18,4,4,3,No,25,No
1387,25,Finance,44042,18,4,5,2,No,39,No
1388,42,Finance,35086,9,2,5,1,No,10,No
1389,49,Marketing,37387,11,3,5,4,No,24,No
1390,23,Sales,47042,3,1,4,4,Yes,1,Yes
1391,32,Sales,109424,17,2,4,1,No,25,No
1392,46,Sales,71618,15,4,2,3,Yes,28,No
1393,36,Sales,112050,7,5,3,1,No,36,No
1394,57,Engineering,38323,3,4,5,2,No,18,No
1395,42,Finance,38019,11,5,2,2,No,6,No
1396,49,Engineering,95426,1,1,2,4,No,2,No
1397,34,Sales,60863,3,5,1,1,Yes,3,Yes
1398,48,Engineering,30283,4,2,5,4,No,46,Yes
1399,25,Sales,38279,2,5,2,3,No,8,No
1400,50,Sales,66999,8,3,1,2,No,31,Yes
1401,25,Engineering,82780,20,2,5,5,Yes,48,Yes
1402,32,Engineering,42908,17,1,4,5,Yes,19,No
1403,36,Marketing,81584,10,2,1,1,Yes,50,Yes
1404,46,Finance,70225,2,3,4,1,No,6,No
1405,46,Engineering,57952,1,1,3,5,Yes,14,Yes
1406,41,Engineering,57663,8,4,3,1,No,3,No
1407,59,Marketing,81381,13,3,3,2,No,48,No
1408,56,Engineering,67929,3,1,3,3,No,1,No
1409,53,Sales,29343,8,5,2,3,No,44,No
1410,50,Finance,96173,12,2,3,4,Yes,30,No
1411,57,Sales,59791,17,1,2,2,No,46,Yes
1412,43,HR,49134,14,2,2,1,No,19,Yes
1413,30,HR,67101,9,5,5,1,No,19,No
1414,25,Engineering,89443,15,1,2,4,No,9,No
1415,56,Engineering,119111,11,4,2,4,Yes,7,No
1416,54,Marketing,77530,19,3,3,1,No,46,No
1417,51,Sales,66799,4,1,2,1,No,37,Yes
1418,30,Sales,24827,1,5,4,2,No,50,Yes
1419,39,Marketing,116143,9,1,3,4,Yes,41,No
1420,52,Engineering,82653,0,2,1,2,Yes,7,Yes
1421,21,Sales,33699,6,1,3,1,No,9,No
1422,25,Finance,111419,16,4,2,5,No,4,No
1423,24,Engineering,25313,15,1,4,5,No,25,No
1424,36,Marketing,33598,2,3,3,1,No,49,No
1425,44,Marketing,48807,13,1,4,4,No,12,No
1426,36,HR,90423,9,2,1,5,Yes,6,No
1427,22,Engineering,89390,6,1,1,4,Yes,18,No
1428,48,Finance,65226,16,4,5,5,No,40,No
1429,52,Sales,79550,5,5,5,4,No,21,No
1430,47,Marketing,100072,3,1,3,5,No,15,No
1431,40,Sales,23558,16,1,5,4,No,3,No
1432,44,Engineering,95308,8,3,4,2,No,2,No
1433,32,Engineering,70113,3,4,5,4,No,41,No
1434,55,Finance,72999,6,5,4,2,Yes,40,No
1435,53,Finance,75878,1,2,5,2,Yes,4,No
1436,53,Sales,56343,16,1,5,1,No,32,No
1437,57,Sales,78219,7,5,5,2,No,2,No
1438,32,Marketing,55186,14,2,2,3,No,46,No
1439,23,Engineering,56966,14,4,2,2,Yes,29,No
1440,21,Sales,53769,7,4,5,4,Yes,2,No
1441,53,Marketing,73218,15,5,4,2,No,34,No
1442,60,Engineering,39229,18,2,3,4,No,27,No
1443,30,Finance,95209,10,4,1,4,No,39,No
1444,49,Sales,47877,1,5,2,3,No,44,Yes
1445,33,Engineering,78001,16,4,5,2,No,38,No
1446,32,Engineering,117137,15,4,1,2,Yes,18,No
1447,51,Marketing,58084,14,4,2,5,Yes,36,Yes
1448,22,Engineering,101780,12,3,3,5,No,19,No
1449,55,HR,112892,14,2,4,1,No,27,Yes
1450,43,Sales,36806,3,5,5,4,Yes,45,No
1451,37,Marketing,108635,15,5,3,3,No,20,No
1452,46,Engineering,57034,11,2,2,5,Yes,21,Yes
1453,28,Sales,60317,3,2,5,2,No,23,No
1454,49,Marketing,75468,2,2,1,1,Yes,30,Yes
1455,46,Sales,39094,16,2,4,3,No,25,No
1456,30,Sales,77796,17,1,2,2,Yes,31,Yes
1457,46,Finance,30589,17,5,4,2,No,27,No
1458,54,Engineering,77221,16,1,5,4,Yes,34,No
1459,27,Marketing,21657,11,4,3,4,No,8,No
1460,24,Engineering,118300,20,4,4,5,No,19,No
1461,31,Marketing,59531,3,5,1,5,Yes,41,No
1462,49,Sales,72227,11,4,2,2,Yes,26,No
1463,56,Engineering,23164,20,2,1,2,No,28,No
1464,45,Finance,113078,19,1,4,5,No,4,No
1465,41,Marketing,103973,14,2,3,5,Yes,31,No
1466,56,Engineering,61247,15,4,3,2,Yes,16,No
1467,30,Engineering,39601,4,1,1,3,Yes,10,Yes
1468,57,Finance,113966,20,2,5,2,Yes,38,No
1469,29,Engineering,70599,14,5,5,3,No,48,No
1470,44,Marketing,91545,16,2,3,3,No,10,No
1471,55,Marketing,24552,17,4,1,2,No,45,No
1472,55,Sales,29417,4,1,1,1,No,9,No
1473,56,Sales,78579,12,5,1,5,No,39,No
1474,38,Marketing,88207,18,1,4,4,No,36,No
1475,59,Sales,92055,12,5,5,2,No,36,No
1476,52,Engineering,98270,17,1,5,3,No,19,No
1477,44,Finance,23722,13,4,4,2,No,19,No
1478,43,HR,90442,3,5,2,5,Yes,12,No
1479,52,Marketing,115632,3,3,4,3,Yes,13,No
1480,57,HR,60031,19,1,1,4,Yes,25,Yes
1481,32,HR,99235,19,1,4,4,Yes,36,No
1482,33,Sales,41438,18,2,1,4,No,25,No
1483,43,Engineering,78819,12,5,3,1,No,28,No
1484,45,Engineering,63856,11,3,1,3,No,42,No
1485,55,Engineering,53576,6,4,5,3,Yes,39,No
1486,50,Marketing,61938,11,2,4,1,No,30,No
1487,37,Engineering,69028,20,3,1,3,Yes,5,No
1488,40,Engineering,79807,3,5,2,1,No,17,No
1489,45,Engineering,69877,1,3,3,2,No,18,No
1490,42,Sales,117783,1,1,2,5,Yes,43,No
1491,33,Engineering,63461,4,1,2,4,No,47,No
1492,39,Sales,113474,9,2,2,1,No,21,No
1493,56,Sales,60469,9,5,3,1,Yes,22,No
1494,32,Sales,103136,8,5,3,1,Yes,39,No
1495,39,Engineering,40435,12,3,3,2,No,50,No
1496,32,Marketing,104117,6,2,3,1,Yes,6,No
1497,29,Engineering,34191,4,5,2,5,No,50,No
1498,27,Engineering,104726,9,1,5,5,No,16,No
1499,48,HR,47386,9,3,5,4,Yes,2,No
1500,34,Sales,51721,5,4,3,2,Yes,1,Yes
1501,51,Finance,74786,18,1,4,5,No,30,No
1502,39,Engineering,33704,20,2,1,3,No,43,Yes
1503,36,Engineering,76635,7,5,4,3,No,37,No
1504,25,HR,22123,0,1,4,3,No,48,No
1505,55,Sales,110710,16,4,4,1,No,23,No
1506,32,HR,82993,6,4,5,1,Yes,1,No
1507,45,Engineering,100122,13,2,1,3,No,19,No
1508,41,Finance,117512,20,1,4,4,No,46,No
1509,56,Sales,45416,20,3,3,4,No,3,No
1510,43,Engineering,21814,16,1,5,1,No,2,No
1511,36,HR,98537,8,4,3,3,No,37,No
1512,59,Sales,70258,16,2,3,4,No,17,No
1513,59,Engineering,36508,4,2,4,1,No,28,Yes
1514,34,Marketing,105166,19,3,3,3,No,18,No
1515,51,Marketing,98916,7,2,1,2,Yes,33,No
1516,25,Engineering,55699,5,2,3,3,Yes,15,No
1517,55,Marketing,66335,10,2,4,3,No,22,No
1518,43,Finance,66806,18,2,3,5,Yes,41,No
1519,49,Finance,97853,3,2,5,5,No,27,No
1520,31,Sales,83768,17,4,5,2,No,37,No
1521,38,Marketing,55739,0,1,5,2,Yes,32,Yes
1522,32,Engineering,54785,12,5,2,3,No,45,No
1523,29,Finance,51980,13,2,5,4,No,19,No
1524,30,Engineering,109335,0,5,5,2,No,28,No
1525,37,Sales,114702,10,5,2,3,No,28,No
1526,58,Marketing,105016,16,4,5,1,No,10,No
1527,27,Engineering,21609,3,2,4,5,No,20,Yes
1528,33,Finance,86253,11,5,5,4,Yes,25,No
1529,60,Finance,105481,9,2,5,3,No,21,No
1530,29,Marketing,111128,5,3,2,1,No,14,No
1531,47,Sales,48141,0,3,4,5,Yes,22,No
1532,22,Marketing,50009,6,3,3,1,No,26,No
1533,25,Sales,26782,20,5,1,3,No,44,No
1534,49,Sales,112072,15,3,4,2,No,11,No
1535,57,Marketing,119352,13,4,3,5,No,7,No
1536,58,Sales,45933,19,4,4,1,No,17,No
1537,39,Engineering,97154,19,5,3,2,No,18,No
1538,28,Finance,28307,5,2,3,4,No,7,No
1539,21,Engineering,112207,4,1,4,3,No,20,No
1540,42,Engineering,95874,20,2,2,3,No,38,No
1541,37,Finance,58346,17,2,4,5,No,11,No
1542,27,Sales,70772,14,2,4,1,No,44,No
1543,45,Marketing,92084,5,2,3,4,Yes,16,No
1544,24,Finance,60149,18,1,1,5,Yes,27,Yes
1545,56,Finance,106700,0,3,3,5,No,11,No
1546,26,Marketing,47526,0,2,5,1,Yes,16,No
1547,51,Engineering,116758,12,4,4,4,Yes,23,No
1548,39,Engineering,105712,2,5,4,1,Yes,12,No
1549,59,Marketing,88477,9,5,2,3,No,40,No
1550,47,Finance,25695,20,4,3,2,Yes,3,No
1551,30,Engineering,59169,2,2,2,3,No,2,Yes
1552,46,Sales,67947,8,1,4,3,No,38,No
1553,39,Sales,67224,7,3,3,5,No,48,No
1554,59,Sales,65865,2,5,3,3,No,24,No
1555,23,Marketing,45553,12,3,5,4,Yes,29,Yes
1556,33,Engineering,80410,5,1,5,3,No,47,No
1557,48,Finance,110895,12,5,1,4,No,46,No
1558,40,Marketing,44816,19,3,5,1,No,34,No
1559,48,Sales,75026,19,1,3,5,Yes,20,Yes
1560,28,HR,70705,11,3,5,4,No,18,No
1561,59,Engineering,81922,12,2,1,3,No,14,No
1562,21,HR,93914,1,1,4,5,No,18,No
1563,23,Marketing,21881,20,3,5,5,No,2,Yes
1564,33,Marketing,59567,15,2,3,4,No,1,No
1565,48,Marketing,67365,5,2,4,4,No,20,Yes
1566,45,Engineering,99211,18,1,3,2,No,34,No
1567,53,Sales,90122,20,4,4,2,Yes,41,No
1568,58,Marketing,45006,12,5,3,5,No,41,No
1569,26,Sales,61198,16,1,5,2,No,48,Yes
1570,52,Engineering,42831,8,2,5,3,No,11,No
1571,41,Sales,36459,16,2,1,1,Yes,27,Yes
1572,36,Marketing,52443,1,1,4,5,Yes,23,No
1573,41,Sales,62316,18,4,1,1,No,38,No
1574,31,Marketing,116131,18,5,2,2,No,44,No
1575,57,Finance,84486,6,3,5,4,No,3,No
1576,56,Sales,25877,9,1,4,5,No,12,Yes
1577,55,Sales,59553,9,5,1,2,Yes,30,No
1578,39,Engineering,24922,19,5,1,3,No,31,No
1579,40,Finance,24686,8,2,2,5,No,23,Yes
1580,38,Sales,52766,16,3,1,5,No,1,No
1581,34,Engineering,99943,14,1,3,4,No,41,Yes
1582,35,Sales,52006,1,2,5,5,No,20,No
1583,51,Marketing,51422,3,2,1,4,No,6,No
1584,21,Engineering,32205,18,4,1,2,No,11,No
1585,23,Marketing,106590,16,5,2,3,No,35,No
1586,36,Finance,43527,4,1,3,3,Yes,4,Yes
1587,43,Sales,38443,6,1,1,5,No,29,Yes
1588,31,Marketing,36524,17,1,5,5,No,10,No
1589,32,Sales,48202,20,2,5,2,No,29,No
1590,30,Finance,85552,6,4,1,4,Yes,38,Yes
1591,52,Marketing,66142,16,3,3,3,No,1,No
1592,36,Finance,81692,6,2,5,4,No,40,No
1593,28,Sales,102384,3,3,5,2,No,8,No
1594,58,Sales,40855,7,4,3,3,Yes,38,No
1595,32,Engineering,103747,12,5,3,3,No,17,No
1596,44,Engineering,80372,3,1,1,1,Yes,19,Yes
1597,48,Sales,45095,5,3,4,2,Yes,33,No
1598,28,Engineering,58724,4,2,2,2,Yes,15,Yes
1599,48,Sales,69241,11,3,4,1,No,45,No
1600,56,Engineering,72003,3,5,4,4,Yes,31,No
1601,46,Marketing,88379,8,1,5,1,No,21,No
1602,28,Engineering,114837,3,3,3,2,No,3,Yes
1603,48,Sales,111996,18,5,5,4,No,2,No
1604,48,Engineering,117454,13,2,2,3,No,35,Yes
1605,57,Sales,114283,4,4,1,1,No,41,No
1606,56,Finance,35972,17,2,2,4,No,16,No
1607,47,Sales,113846,9,1,5,4,No,45,No
1608,37,Marketing,42927,18,2,5,4,No,50,No
1609,29,Finance,86630,11,2,5,1,Yes,21,Yes
1610,53,Marketing,72347,17,2,5,3,Yes,12,No
1611,40,Marketing,119708,16,2,4,4,No,28,No
1612,33,Marketing,108860,10,1,1,1,No,12,Yes
1613,48,Finance,106210,2,5,4,2,No,33,No
1614,49,HR,89518,16,3,5,1,No,20,No
1615,33,HR,65283,0,4,3,1,No,40,No
1616,55,HR,101326,14,3,4,1,No,49,Yes
1617,26,Engineering,32205,8,3,5,4,Yes,21,No
1618,38,HR,109874,14,4,5,1,No,39,No
1619,25,Engineering,32748,2,1,1,2,No,41,No
1620,45,Sales,41097,18,4,2,4,No,49,No
1621,22,Sales,23092,12,1,4,2,No,42,Yes
1622,30,Sales,73311,11,3,4,5,No,36,No
1623,50,Engineering,42692,19,1,4,1,No,22,No
1624,25,Sales,43862,0,5,5,4,No,26,Yes
1625,53,HR,110396,20,4,1,4,No,7,No
1626,21,Engineering,99507,16,5,5,1,No,7,No
1627,38,Marketing,100152,12,3,5,3,No,8,No
1628,52,Sales,90469,0,4,3,3,No,26,No
1629,31,Sales,24926,9,3,1,2,Yes,24,No
1630,41,Marketing,111299,14,5,4,1,No,24,No
1631,46,HR,23969,6,3,2,1,No,40,No
1632,45,Sales,55733,17,4,4,5,No,48,No
1633,42,Finance,89855,15,4,5,3,No,12,No
1634,47,Finance,61743,13,3,1,3,No,47,No
1635,33,Engineering,59876,17,4,1,1,No,8,No
1636,53,Engineering,40323,6,4,1,2,No,9,Yes
1637,54,Finance,36428,16,3,3,1,No,3,No
1638,55,HR,54578,17,5,4,2,No,21,No
1639,21,Engineering,106486,11,4,3,3,No,31,Yes
1640,41,Marketing,84140,7,4,2,5,No,48,No
1641,26,Engineering,103829,1,4,5,4,No,47,No
1642,48,Engineering,26364,6,4,3,3,No,24,No
1643,37,Engineering,55349,3,3,3,2,No,4,No
1644,25,Marketing,20691,17,5,5,1,Yes,20,No
1645,51,HR,115598,5,5,1,3,Yes,16,No
1646,25,Marketing,86467,8,1,5,5,Yes,10,No
1647,58,Engineering,65896,8,4,4,2,No,43,No
1648,23,Sales,77062,13,4,5,1,Yes,26,No
1649,43,Engineering,117266,7,1,1,4,Yes,29,No
1650,57,Marketing,99762,18,5,5,2,Yes,5,No
1651,57,Engineering,33861,2,2,3,1,No,11,No
1652,30,Sales,116837,17,2,2,4,Yes,29,Yes
1653,30,Finance,108302,4,5,3,1,No,45,No
1654,39,Sales,83928,13,4,2,4,Yes,15,No
1655,37,Finance,103231,3,2,5,4,No,6,No
1656,41,Sales,61347,6,3,4,4,No,48,No
1657,34,Marketing,23121,19,3,5,1,No,15,No
1658,29,Sales,103793,11,1,1,4,No,43,No
1659,21,Finance,48164,1,5,5,2,No,20,No
1660,33,Engineering,45491,10,5,2,5,No,34,No
1661,24,Sales,79222,13,2,3,5,No,2,No
1662,21,Engineering,43165,15,4,4,4,No,44,No
1663,60,Sales,23748,19,5,5,5,Yes,16,No
1664,52,Sales,118581,5,2,5,5,No,19,No
1665,54,Finance,46553,3,2,3,4,Yes,34,Yes
1666,48,Engineering,80380,14,5,4,4,No,49,No
1667,51,Marketing,64331,0,2,5,2,No,14,No
1668,28,HR,116033,6,1,5,3,No,24,No
1669,59,Marketing,116844,11,1,2,1,No,28,Yes
1670,46,Sales,59560,9,5,2,4,No,48,No
1671,54,Sales,73865,4,4,1,4,No,32,No
1672,23,Marketing,66686,11,1,3,5,No,37,No
1673,32,Finance,95910,17,1,4,2,Yes,10,No
1674,21,Engineering,24675,9,5,5,5,No,49,No
1675,25,Engineering,86706,5,3,5,4,No,45,No
1676,50,Engineering,97986,11,2,1,4,No,48,No
1677,50,Finance,96216,6,1,5,5,No,9,No
1678,37,Engineering,30068,17,3,3,4,Yes,24,No
1679,43,Engineering,74460,1,4,1,3,Yes,36,Yes
1680,35,Finance,66418,9,3,3,1,No,29,No
1681,57,Sales,46206,14,5,1,1,No,29,No
1682,41,Sales,20287,11,4,5,1,No,48,No
1683,34,HR,42337,16,4,1,3,No,23,No
1684,22,Finance,40666,3,3,2,4,No,27,No
1685,31,Sales,21161,6,5,4,5,Yes,31,No
1686,59,Engineering,110071,8,1,5,2,Yes,43,No
1687,58,Engineering,118064,18,3,4,4,Yes,7,Yes
1688,54,Engineering,58751,6,1,5,3,No,49,No
1689,58,HR,102063,1,3,4,3,Yes,45,No
1690,54,Engineering,109389,5,1,2,1,No,4,No
1691,38,Engineering,34758,17,3,4,4,No,14,No
1692,50,Engineering,85780,5,4,1,1,No,42,No
1693,35,HR,23178,12,2,4,2,Yes,42,No
1694,47,Engineering,51831,18,4,5,1,Yes,10,No
1695,54,Finance,22176,1,1,3,2,No,44,Yes
1696,58,Sales,53654,11,5,4,3,No,34,No
1697,53,Marketing,46627,14,4,4,1,No,26,No
1698,44,Marketing,72550,13,2,4,1,No,23,No
1699,35,Engineering,64910,5,1,5,5,No,9,No
1700,50,Engineering,110417,17,4,4,3,No,37,No
1701,37,Engineering,78251,4,3,5,5,No,8,No
1702,25,Sales,55422,17,5,5,2,No,14,No
1703,49,Engineering,31984,2,1,3,2,No,7,No
1704,24,Sales,109312,2,4,1,3,No,7,No
1705,30,Engineering,81386,9,1,5,2,No,9,No
1706,37,Marketing,103291,18,3,2,3,No,3,No
1707,30,Engineering,27135,2,2,4,2,No,14,No
1708,37,Marketing,20320,11,4,2,4,No,17,No
1709,40,Engineering,114171,15,1,4,1,No,50,No
1710,44,Finance,41684,16,1,3,4,No,44,No
1711,25,HR,75913,6,1,5,3,Yes,22,Yes
1712,54,Sales,108774,12,2,1,3,Yes,46,Yes
1713,26,Marketing,41889,1,1,5,4,Yes,26,No
1714,22,Sales,115849,3,5,4,1,No,28,No
1715,33,Engineering,118071,9,5,1,1,No,45,No
1716,31,Finance,68899,6,1,5,5,Yes,14,Yes
1717,43,Sales,30770,16,5,1,2,Yes,9,No
1718,36,Engineering,59321,19,4,4,5,No,26,No
1719,51,Marketing,105962,5,5,3,1,Yes,2,No
1720,31,Finance,61777,18,1,3,4,Yes,11,Yes
1721,36,Marketing,66250,4,3,5,2,No,17,No
1722,28,Engineering,93034,9,4,2,4,Yes,34,No
1723,24,Marketing,60130,8,2,4,5,Yes,19,No
1724,60,Engineering,101931,12,1,5,3,No,39,No
1725,24,Marketing,69346,18,2,5,4,No,18,No
1726,45,Finance,22537,20,3,3,5,No,13,No
1727,23,Marketing,104762,5,2,1,5,Yes,5,Yes
1728,52,Finance,35216,3,1,4,5,No,50,Yes
1729,23,Sales,104149,2,1,1,3,No,23,Yes
1730,47,Marketing,23009,2,3,4,3,Yes,24,Yes
1731,49,Marketing,109904,3,1,2,3,Yes,29,No
1732,52,Sales,49327,4,3,3,2,Yes,48,No
1733,39,Finance,34209,7,3,2,3,No,47,Yes
1734,41,Engineering,68443,15,1,5,3,No,8,No
1735,25,Marketing,35029,2,5,3,3,No,26,No
1736,38,Marketing,87613,11,3,5,4,No,15,No
1737,48,Marketing,99443,7,1,2,3,No,1,Yes
1738,42,Sales,76997,12,5,4,2,No,28,No
1739,41,HR,82559,3,3,5,5,No,49,No
1740,26,Engineering,84892,13,5,1,4,Yes,47,No
1741,21,Finance,90409,13,4,4,1,No,46,No
1742,25,Engineering,28635,12,4,4,3,No,14,Yes
1743,32,Engineering,53065,5,5,2,5,No,42,No
1744,46,Marketing,53783,16,3,2,5,No,34,No
1745,54,Engineering,54152,3,1,3,4,No,31,No
1746,34,HR,78741,7,2,3,1,No,6,No
1747,46,HR,71502,16,1,1,2,Yes,49,Yes
1748,47,Finance,49092,2,2,4,5,No,5,Yes
1749,29,HR,37653,16,2,1,5,No,31,No
1750,46,Engineering,117999,8,3,1,5,No,37,No
1751,42,Sales,119564,1,5,2,5,Yes,15,No
1752,50,Sales,60469,12,1,1,4,Yes,15,Yes
1753,37,Sales,106483,19,5,1,1,No,43,Yes
1754,46,Sales,79754,1,4,5,5,No,5,No
1755,56,HR,49978,19,3,3,2,No,28,No
1756,21,Marketing,107592,10,3,3,2,No,33,No
1757,28,Engineering,114543,14,4,4,3,No,11,No
1758,55,Marketing,63169,10,1,3,5,No,43,No
1759,35,Finance,68287,2,4,4,5,Yes,6,No
1760,42,Marketing,74745,2,1,5,5,Yes,23,Yes
1761,34,Marketing,25543,11,2,3,5,No,40,No
1762,46,Engineering,76392,4,3,5,5,No,2,No
1763,48,Engineering,41067,19,1,3,2,No,15,No
1764,43,Sales,71033,6,5,3,1,No,23,No
1765,34,Engineering,65256,6,5,5,1,Yes,22,No
1766,44,Finance,110633,12,3,1,3,No,9,No
1767,22,Marketing,89345,8,4,1,2,No,47,No
1768,46,Sales,42191,20,4,1,5,No,40,No
1769,34,Engineering,106803,12,1,1,1,Yes,30,Yes
1770,27,Marketing,92742,11,4,3,4,No,16,No
1771,23,Sales,106593,12,3,2,4,No,46,No
1772,43,Engineering,48992,9,1,5,4,No,47,Yes
1773,38,Finance,101531,0,2,2,5,No,30,Yes
1774,58,Engineering,68803,7,4,2,5,Yes,45,No
1775,55,Sales,83477,15,4,4,3,Yes,9,No
1776,35,Engineering,33210,12,1,1,3,Yes,1,No
1777,45,Finance,103329,2,5,3,3,No,38,No
1778,57,HR,46270,2,4,1,4,No,8,No
1779,48,Sales,82008,4,3,1,5,No,18,No
1780,30,Engineering,25197,10,4,2,4,Yes,27,No
1781,59,Engineering,27452,6,2,4,3,No,18,No
1782,37,HR,61486,20,4,1,5,No,32,No
1783,59,Marketing,34859,9,5,5,2,Yes,49,No
1784,42,Sales,47236,9,4,5,1,No,32,No
1785,46,Finance,51899,19,1,1,1,Yes,48,No
1786,45,Sales,52083,1,4,2,3,Yes,45,Yes
1787,37,Engineering,87708,2,5,2,4,Yes,36,No
1788,33,Sales,36663,7,1,3,2,No,36,No
1789,40,Engineering,113076,10,3,4,5,No,21,No
1790,45,Engineering,39053,12,1,2,4,No,46,No
1791,24,Engineering,31085,6,2,3,3,No,32,No
1792,30,Sales,50564,12,1,5,4,No,31,No
1793,23,HR,109745,1,3,5,3,No,37,No
1794,38,Sales,79095,5,4,5,1,Yes,16,No
1795,56,Marketing,89517,8,1,1,1,No,46,No
1796,42,Finance,41153,19,1,4,4,No,46,No
1797,54,Engineering,25247,1,1,3,2,Yes,14,Yes
1798,28,Engineering,30553,17,1,4,5,No,24,No
1799,60,Engineering,40811,15,3,1,3,No,25,No
1800,39,Sales,115381,11,5,3,5,Yes,46,No
1801,57,Engineering,26135,6,5,3,1,No,35,No
1802,26,Marketing,25573,6,1,2,2,Yes,17,Yes
1803,46,HR,99267,16,3,4,2,No,46,No
1804,54,Sales,27189,12,3,4,5,Yes,42,No
1805,26,Marketing,100077,10,1,2,1,Yes,45,Yes
1806,57,Engineering,63646,5,2,5,5,Yes,4,No
1807,53,Marketing,96623,13,1,1,4,No,11,No
1808,42,HR,73687,5,2,4,2,No,47,Yes
1809,41,HR,88312,5,1,2,2,Yes,15,No
1810,26,Sales,47564,1,2,3,4,Yes,30,No
1811,26,Sales,48835,19,2,2,1,No,24,No
1812,24,Finance,81587,14,1,5,2,No,2,No
1813,50,Sales,27697,16,2,1,3,No,43,No
1814,31,Finance,100165,7,4,5,3,Yes,34,No
1815,50,Engineering,93922,4,5,3,1,No,23,No
1816,51,Sales,37046,16,3,3,4,No,31,Yes
1817,44,Sales,77823,19,2,3,5,No,37,No
1818,29,Sales,93580,0,2,3,1,No,13,No
1819,23,Finance,73370,17,3,2,5,Yes,33,Yes
1820,51,Engineering,29615,14,2,3,1,Yes,7,Yes
1821,60,Engineering,25060,4,3,3,3,No,32,No
1822,57,Engineering,96436,6,1,2,4,No,7,No
1823,56,Sales,80519,17,4,3,3,No,42,No
1824,44,Engineering,91117,5,4,5,4,No,38,No
1825,51,Sales,81158,20,5,5,5,No,44,No
1826,26,Marketing,54782,4,2,4,1,No,13,No
1827,22,Engineering,105709,18,5,5,2,No,24,No
1828,40,Engineering,98533,9,1,1,2,Yes,28,No
1829,48,Engineering,78255,14,4,1,4,Yes,32,No
1830,31,Engineering,92684,9,1,1,4,No,43,Yes
1831,24,Finance,76918,15,1,2,3,Yes,18,No
1832,35,Engineering,104284,11,2,5,2,Yes,34,No
1833,26,Sales,99558,17,1,1,3,Yes,48,Yes
1834,50,HR,105549,0,4,4,5,Yes,34,No
1835,58,Sales,101422,15,5,2,2,Yes,38,No
1836,22,Sales,45256,5,4,4,5,No,1,No
1837,35,Finance,50005,2,2,5,1,No,43,No
1838,31,Marketing,26638,1,4,3,3,No,50,No
1839,28,Finance,57419,1,3,4,4,No,42,Yes
1840,46,Engineering,53377,12,5,3,2,No,31,No
1841,25,Engineering,63116,8,3,2,3,Yes,50,Yes
1842,26,Sales,56634,15,3,4,4,No,1,No
1843,46,Sales,102291,4,2,4,1,Yes,16,No
1844,24,Marketing,43382,20,1,2,2,No,39,No
1845,39,Engineering,76063,6,3,2,5,No,15,No
1846,40,Marketing,42394,12,4,1,1,No,33,Yes
1847,53,Marketing,87789,19,1,5,4,No,23,No
1848,40,Sales,20864,12,4,4,2,No,41,No
1849,32,Engineering,119572,6,4,4,2,No,34,No
1850,21,Marketing,60222,9,1,2,1,Yes,17,Yes
1851,46,Sales,33666,14,1,2,2,No,25,No
1852,34,Marketing,40955,20,4,5,4,No,42,No
1853,58,Engineering,101845,5,2,2,1,No,6,Yes
1854,57,Sales,89590,4,5,3,5,Yes,31,No
1855,31,HR,86471,1,5,3,1,No,5,No
1856,56,Finance,108314,20,2,3,1,Yes,40,No
1857,33,Sales,63298,14,1,3,5,Yes,40,Yes
1858,23,Marketing,83108,15,4,5,4,No,30,No
1859,53,Sales,68924,18,5,4,3,Yes,5,No
1860,26,Marketing,36709,8,4,3,3,No,12,No
1861,30,Marketing,29726,18,2,2,5,No,7,No
1862,25,Engineering,80824,6,4,3,4,No,45,No
1863,43,Engineering,60542,3,2,5,2,No,13,No
1864,30,Marketing,40245,2,1,2,5,No,49,Yes
1865,22,Engineering,54753,19,2,3,3,No,4,No
1866,33,Marketing,99788,10,2,4,4,No,50,Yes
1867,60,Sales,41316,0,5,2,1,No,42,No
1868,22,Finance,104698,5,4,2,4,No,3,Yes
1869,40,Marketing,35960,10,5,4,4,Yes,12,No
1870,21,Finance,50791,0,3,2,3,No,1,No
1871,57,Sales,45216,20,2,3,3,Yes,27,Yes
1872,29,HR,52467,6,3,2,2,Yes,43,Yes
1873,37,HR,84427,5,5,3,2,Yes,50,No
1874,29,Engineering,82047,13,4,4,5,No,13,No
1875,31,Engineering,93290,1,5,1,1,No,17,No
1876,35,Sales,67014,3,4,4,2,Yes,8,No
1877,44,Marketing,24078,10,4,3,3,No,32,Yes
1878,58,Engineering,98389,14,1,5,4,No,20,No
1879,55,Sales,70519,17,2,4,5,No,17,No
1880,50,Marketing,24042,0,5,5,2,No,34,No
1881,51,Engineering,69052,2,4,5,4,No,35,No
1882,25,Sales,34389,2,5,3,4,No,35,No
1883,34,Finance,115961,6,5,3,2,No,38,No
1884,31,Finance,88111,0,4,1,1,No,42,No
1885,29,Engineering,113715,10,3,2,1,Yes,24,Yes
1886,54,Sales,70733,5,2,4,5,No,18,No
1887,32,Marketing,54754,19,2,3,1,No,50,No
1888,55,Engineering,38624,2,1,4,5,No,46,No
1889,55,Engineering,105886,18,1,5,3,No,48,No
1890,21,Engineering,46681,1,1,2,2,No,39,Yes
1891,60,Engineering,109524,17,2,1,4,Yes,33,Yes
1892,42,HR,101006,11,3,4,5,No,49,No
1893,49,Engineering,44704,9,2,2,1,Yes,23,Yes
1894,28,HR,114913,4,2,1,5,No,25,No
1895,31,Finance,114108,8,2,4,5,No,37,No
1896,57,Engineering,27493,1,2,2,1,Yes,27,No
1897,34,Marketing,89639,1,3,3,1,No,1,No
1898,50,Finance,74383,5,1,4,2,No,21,No
1899,55,Engineering,22994,9,5,2,4,Yes,49,Yes
1900,41,Engineering,89280,17,1,1,2,No,10,No
1901,57,HR,67234,11,1,2,2,No,31,No
1902,25,HR,67291,3,5,3,1,No,44,No
1903,39,Marketing,112868,20,2,4,1,Yes,25,No
1904,34,Engineering,25594,16,3,4,4,No,20,No
1905,46,Finance,27371,14,3,4,5,No,2,No
1906,24,Sales,67315,5,1,3,2,Yes,48,Yes
1907,45,Sales,103564,15,5,1,4,Yes,15,No
1908,45,HR,99526,16,4,4,2,No,28,No
1909,38,Engineering,36626,2,2,1,5,No,13,No
1910,60,Sales,106005,9,1,2,2,Yes,50,Yes
1911,28,Engineering,27130,4,3,1,3,No,14,No
1912,59,Engineering,26828,13,5,1,4,No,50,No
1913,60,Sales,77514,20,5,4,1,No,2,No
1914,34,Finance,72664,12,1,5,2,Yes,34,No
1915,52,Sales,37883,5,4,5,4,No,35,No
1916,58,Marketing,63059,11,3,3,4,Yes,37,No
1917,53,Marketing,104078,7,1,3,2,No,25,No
1918,43,Finance,62932,4,4,5,1,No,48,No
1919,35,Sales,81269,14,5,2,1,No,15,No
1920,53,Finance,95986,15,2,4,2,No,12,No
1921,45,Engineering,105959,0,3,4,4,No,9,No
1922,37,HR,22035,15,3,2,1,No,31,No
1923,53,HR,60745,4,4,2,2,Yes,14,No
1924,22,Marketing,37241,2,1,5,2,No,29,No
1925,34,Engineering,72975,19,5,3,2,Yes,48,No
1926,60,Marketing,43154,14,4,2,4,No,43,No
1927,60,Engineering,45625,12,2,3,1,No,38,No
1928,59,Marketing,64950,15,2,1,4,No,42,No
1929,26,Finance,118602,10,2,4,3,No,8,No
1930,26,Sales,76396,20,4,5,1,No,48,No
1931,23,Finance,119227,1,5,4,4,No,3,No
1932,27,Sales,33331,5,3,5,1,No,2,No
1933,28,Sales,83927,5,1,1,3,Yes,16,No
1934,35,Sales,106226,13,3,4,5,No,19,No
1935,49,Engineering,104719,10,5,1,2,No,30,No
1936,53,HR,83014,7,3,5,4,No,41,No
1937,50,Sales,59346,7,4,2,3,Yes,16,No
1938,59,Sales,90411,0,2,4,3,No,31,Yes
1939,47,Finance,74478,20,5,1,1,Yes,28,No
1940,56,Marketing,32254,6,5,4,1,Yes,4,Yes
1941,49,Marketing,75734,5,3,4,2,Yes,10,No
1942,58,Finance,48621,20,4,4,1,No,45,Yes
1943,53,Marketing,96441,7,3,3,4,No,18,No
1944,57,Sales,66121,18,3,1,4,No,47,No
1945,47,Engineering,101418,20,5,1,4,Yes,32,No
1946,53,Marketing,80197,19,3,4,5,No,30,No
1947,24,Engineering,104577,7,2,2,4,No,36,No
1948,42,Marketing,114634,13,3,4,1,No,9,No
1949,22,Sales,62431,17,2,3,1,No,36,No
1950,30,Engineering,119245,15,5,5,4,No,29,No
1951,25,Engineering,24837,8,4,3,3,No,16,No
1952,30,HR,110025,14,2,2,3,No,28,No
1953,53,HR,103163,9,4,4,3,No,21,No
1954,58,Marketing,91232,15,4,1,2,No,47,No
1955,33,Sales,68994,3,2,4,5,No,2,No
1956,51,Sales,99079,19,5,2,4,No,46,No
1957,56,Finance,32615,12,1,1,2,No,35,Yes
1958,44,Marketing,21466,4,4,3,3,No,28,No
1959,35,Sales,50771,6,4,5,4,Yes,36,No
1960,49,Marketing,103886,8,5,5,2,No,31,Yes
1961,28,Sales,85911,7,5,4,1,Yes,33,No
1962,25,Engineering,118566,15,3,3,3,Yes,23,No
1963,49,Sales,40746,5,5,2,2,Yes,41,Yes
1964,24,Marketing,108422,15,4,5,1,No,17,No
1965,32,Marketing,80739,5,2,3,3,No,46,No
1966,22,Sales,118187,13,1,4,5,No,49,No
1967,47,Finance,93369,20,3,1,3,No,1,No
1968,51,Engineering,21893,0,2,4,5,No,42,No
1969,56,Engineering,50573,8,1,4,5,No,23,No
1970,56,Sales,116907,12,1,3,5,No,48,No
1971,46,Engineering,60874,18,1,5,4,No,27,No
1972,47,Sales,97362,16,2,3,4,Yes,25,No
1973,25,HR,119956,10,3,1,5,No,32,Yes
1974,40,Marketing,107460,7,3,3,1,No,19,No
1975,31,Engineering,53367,4,1,2,5,No,24,No
1976,30,Sales,41199,9,2,4,2,No,3,Yes
1977,60,Sales,111404,6,1,5,5,No,12,No
1978,58,Sales,94328,9,5,1,4,No,35,Yes
1979,26,Engineering,77724,3,3,4,4,No,15,No
1980,28,Marketing,106133,8,4,3,2,No,17,No
1981,43,Sales,56405,13,1,2,2,Yes,50,No
1982,46,Marketing,118232,1,5,3,3,No,32,No
1983,32,Finance,35989,8,3,4,1,No,7,No
1984,46,Engineering,48931,20,2,1,1,No,19,No
1985,33,Marketing,29290,0,3,5,1,No,7,No
1986,60,HR,58367,9,2,4,4,Yes,5,No
1987,38,HR,99878,9,2,1,1,Yes,40,No
1988,45,Engineering,110477,19,1,4,3,No,21,No
1989,53,Engineering,99481,2,1,2,3,No,48,No
1990,60,Sales,96298,5,3,3,1,No,48,Yes
1991,32,Engineering,50133,5,5,5,2,Yes,47,No
1992,56,Engineering,47052,20,3,1,3,No,7,No
1993,24,HR,105489,1,4,5,2,Yes,37,No
1994,25,Sales,60475,17,2,5,4,No,23,No
1995,57,Finance,102666,1,2,5,3,No,11,No
1996,28,Marketing,116622,11,1,1,2,No,10,No
1997,48,Engineering,77656,4,5,1,1,No,21,No
1998,51,Sales,24633,19,1,5,4,Yes,41,No
1999,29,Finance,37304,6,4,3,5,No,33,No
2000,49,Marketing,117820,15,3,4,5,No,20,No
2001,34,Marketing,66546,19,3,5,1,Yes,33,Yes
2002,60,Engineering,27008,0,5,2,4,Yes,40,No
2003,42,Engineering,68291,0,1,5,4,No,35,No
2004,31,Sales,47405,16,1,1,4,Yes,34,No
2005,43,Sales,56386,0,4,4,4,Yes,36,No
2006,21,Marketing,110909,20,3,2,5,No,27,No
2007,57,Marketing,40827,19,1,4,2,No,19,No
2008,41,HR,53040,12,5,4,4,No,43,No
2009,46,Finance,80354,8,3,2,2,No,5,No
2010,56,HR,98543,14,4,5,4,Yes,29,No
2011,43,Engineering,38157,2,5,5,3,No,10,No
2012,21,Engineering,117693,13,2,5,3,Yes,40,Yes
2013,60,Finance,55315,10,4,3,3,No,13,No
2014,35,Sales,55932,11,5,5,4,Yes,29,No
2015,41,Finance,41164,12,1,2,2,No,5,No
2016,29,Marketing,34414,12,2,3,5,No,12,No
2017,29,Sales,34327,0,4,5,1,Yes,13,No
2018,30,HR,20946,9,1,3,5,No,22,Yes
2019,46,Finance,34693,2,2,2,4,Yes,40,Yes
2020,55,HR,47241,3,3,5,3,No,15,No
2021,45,Finance,115790,15,1,1,3,No,13,No
2022,46,Finance,35540,7,5,2,2,Yes,1,No
2023,31,Engineering,92255,15,4,4,4,No,38,Yes
2024,58,Engineering,84757,16,2,4,5,Yes,43,No
2025,22,Finance,61203,18,1,2,4,No,45,No
2026,27,Marketing,45081,14,3,4,4,No,1,No
2027,38,Sales,81861,15,4,2,3,No,11,No
2028,47,Sales,31350,14,4,1,5,No,43,No
2029,54,HR,75512,1,1,2,1,Yes,40,Yes
2030,47,Finance,76809,10,3,5,3,No,22,No
2031,37,Marketing,117557,0,2,5,5,No,35,No
2032,44,Marketing,62832,14,1,3,2,Yes,44,No
2033,45,Sales,48369,18,2,4,3,No,6,No
2034,27,Engineering,51728,3,4,4,2,No,28,No
2035,26,Finance,37576,10,2,2,3,No,31,No
2036,44,Sales,49001,4,3,4,4,Yes,8,Yes
2037,53,Engineering,103384,2,5,5,5,Yes,5,No
2038,49,Sales,20390,12,3,1,2,No,42,No
2039,42,Marketing,107535,9,2,2,3,No,48,Yes
2040,46,Finance,65436,10,1,4,2,No,44,No
2041,48,Engineering,31569,17,4,5,3,Yes,17,No
2042,41,Engineering,33029,1,5,3,3,No,38,No
2043,27,HR,42490,6,1,4,1,No,9,No
2044,37,Finance,65875,8,1,1,1,Yes,10,Yes
2045,40,Sales,25867,9,3,1,1,Yes,20,Yes
2046,40,Engineering,100820,17,2,4,2,No,14,No
2047,42,Engineering,119515,6,3,4,4,No,14,No
2048,48,Finance,29121,6,2,5,3,No,26,No
2049,60,Engineering,21539,2,3,4,5,No,29,No
2050,27,Sales,111024,11,1,3,1,No,49,No
2051,21,HR,37027,6,4,5,2,Yes,27,Yes
2052,52,Marketing,94229,16,2,2,2,No,25,No
2053,33,Sales,28921,0,5,3,2,No,16,No
2054,50,Finance,70435,4,5,5,5,No,36,No
2055,43,Sales,30310,15,1,5,5,Yes,34,Yes
2056,39,HR,83965,14,3,1,1,No,16,Yes
2057,52,Engineering,116444,1,3,5,5,No,33,No
2058,50,Marketing,89922,8,1,3,1,No,3,No
2059,49,Engineering,117799,6,5,4,5,No,23,No
2060,49,Finance,113948,3,5,3,5,No,11,No
2061,50,Marketing,102839,19,3,2,5,No,48,No
2062,36,HR,32242,17,2,5,1,No,18,No
2063,60,Marketing,28947,20,4,5,3,No,47,No
2064,39,Marketing,91466,3,2,5,1,Yes,41,Yes
2065,38,Sales,81816,12,5,5,3,No,44,No
2066,21,Engineering,68785,0,2,1,2,No,29,Yes
2067,34,Finance,20507,2,4,1,2,No,50,Yes
2068,22,Sales,86972,15,2,4,1,No,5,No
2069,48,Marketing,47151,3,2,5,3,No,24,No
2070,50,Finance,31618,15,2,2,3,Yes,29,Yes
2071,58,Sales,94286,18,2,4,3,No,29,No
2072,24,Marketing,36122,0,1,5,2,No,26,No
2073,21,Engineering,27354,4,5,1,1,Yes,40,No
2074,28,HR,50979,18,4,2,4,No,3,No
2075,49,Sales,106436,10,5,4,3,No,2,No
2076,59,Sales,99376,12,1,2,3,No,25,No
2077,23,Marketing,72774,19,1,5,4,No,19,No
2078,52,Marketing,25037,4,1,3,1,No,40,No
2079,30,Marketing,48633,20,1,2,3,No,2,No
2080,30,Engineering,44495,3,2,2,1,Yes,19,No
2081,39,Sales,84550,3,5,1,3,No,1,No
2082,54,Marketing,101384,3,3,5,5,No,27,No
2083,53,Sales,56483,3,4,2,3,No,45,No
2084,43,Finance,93373,19,1,5,5,No,49,No
2085,48,Marketing,54069,20,5,1,1,No,35,No
2086,52,Marketing,27370,17,1,5,3,Yes,41,No
2087,27,Finance,91947,17,1,1,2,No,5,Yes
2088,49,Sales,59133,15,1,1,2,No,38,Yes
2089,28,Marketing,116035,8,1,4,4,No,4,No
2090,21,Engineering,115761,17,1,5,2,No,17,No
2091,23,Finance,20692,1,4,3,5,No,21,Yes
2092,44,Engineering,48926,20,5,4,2,No,48,Yes
2093,43,Marketing,119782,3,1,1,2,Yes,31,No
2094,28,Finance,93984,11,1,3,2,No,48,No
2095,57,Sales,63390,6,1,2,3,Yes,22,No
2096,23,Engineering,69593,14,1,2,4,Yes,11,No
2097,53,Marketing,95609,6,2,4,1,No,34,Yes
2098,48,Engineering,25209,20,2,3,4,No,49,No
2099,28,Engineering,26533,16,3,5,5,No,15,No
2100,54,Sales,106597,15,1,3,3,Yes,50,No
2101,55,Sales,27211,18,3,4,3,Yes,10,No
2102,52,Finance,29927,8,4,5,2,Yes,38,Yes
2103,44,HR,97463,13,3,5,2,Yes,32,No
2104,34,Sales,44594,16,5,2,5,Yes,48,No
2105,52,Engineering,94852,4,2,3,3,No,31,No
2106,36,Engineering,97713,1,2,5,1,No,37,No
2107,24,Sales,96382,19,1,4,4,No,44,No
2108,57,Engineering,27933,15,1,2,3,No,28,Yes
2109,41,Engineering,60696,13,4,5,1,Yes,31,No
2110,34,Engineering,85449,13,4,3,1,No,6,No
2111,51,Marketing,87616,0,5,2,4,No,14,No
2112,38,Sales,26089,2,1,3,1,No,23,No
2113,27,HR,76548,6,1,3,5,No,16,No
2114,30,HR,46123,14,4,3,1,No,25,No
2115,27,HR,27797,18,4,2,5,Yes,39,Yes
2116,53,Marketing,70013,19,4,5,1,No,2,No
2117,43,Engineering,28346,1,2,1,2,Yes,38,No
2118,41,Finance,105414,18,3,5,1,Yes,41,No
2119,39,Marketing,53672,8,3,2,5,Yes,39,No
2120,39,Engineering,37653,18,1,1,1,No,34,No
2121,56,Marketing,69556,4,2,1,1,No,40,No
2122,49,HR,46140,17,4,1,1,Yes,43,No
2123,38,Engineering,21184,15,1,4,5,No,25,No
2124,22,Sales,54493,3,2,2,1,No,36,No
2125,21,Sales,64148,11,5,4,4,No,16,No
2126,25,Finance,44846,6,2,1,4,No,18,No
2127,40,Marketing,42195,13,1,4,5,No,13,No
2128,31,Finance,25606,11,3,4,2,No,37,No
2129,22,HR,23956,2,4,2,4,No,27,No
2130,23,Engineering,36555,4,5,3,3,No,34,No
2131,43,Sales,110385,16,2,4,4,No,11,No
2132,32,Marketing,38690,9,1,4,3,Yes,1,Yes
2133,40,HR,78502,9,1,1,5,No,13,No
2134,25,Finance,68849,10,4,1,2,Yes,30,No
2135,57,Sales,46347,16,1,1,3,No,5,No
2136,58,Engineering,118725,4,1,5,3,Yes,18,No
2137,50,Marketing,111321,12,4,4,4,No,14,No
2138,29,HR,69056,9,5,1,3,No,13,Yes
2139,54,HR,83851,8,3,2,5,No,32,No
2140,55,Marketing,118234,16,3,5,5,No,7,No
2141,42,Sales,101502,0,2,3,5,No,8,No
2142,44,Marketing,116633,3,5,4,4,No,50,No
2143,37,HR,101418,3,2,4,2,No,7,No
2144,30,Finance,90211,17,3,2,4,Yes,49,No
2145,50,Marketing,61850,8,4,3,5,No,16,No
2146,43,Engineering,98545,17,1,3,4,No,43,No
2147,52,Engineering,47843,13,3,5,5,No,31,No
2148,37,Finance,82320,14,5,4,1,No,27,No
2149,37,Engineering,49793,5,3,1,1,No,33,No
2150,34,Finance,59516,9,5,2,3,Yes,29,No
2151,29,Sales,37857,14,5,2,2,No,8,No
2152,60,HR,39627,3,5,2,1,Yes,33,Yes
2153,22,Marketing,81822,17,2,2,5,Yes,41,Yes
2154,45,Finance,104101,17,4,1,4,No,19,No
2155,59,Engineering,111561,16,3,1,4,No,21,No
2156,29,Marketing,72248,11,4,5,3,Yes,41,No
2157,42,Engineering,75798,6,1,4,4,No,21,No
2158,24,Sales,113368,15,3,1,1,No,25,No
2159,46,Marketing,64116,10,4,5,4,No,42,No
2160,49,Marketing,95318,13,4,3,1,No,23,No
2161,54,Finance,107902,2,1,4,1,No,11,No
2162,43,Engineering,48557,18,5,1,2,Yes,33,No
2163,57,Sales,91334,17,3,3,3,No,20,No
2164,31,Sales,95163,9,3,5,5,Yes,25,Yes
2165,26,Engineering,98002,5,1,1,1,No,26,No
2166,38,Engineering,62614,12,5,1,3,No,40,No
2167,41,Marketing,32720,9,3,3,5,No,12,No
2168,56,Engineering,77608,17,3,1,4,Yes,32,No
2169,58,Finance,92095,19,3,2,3,Yes,33,No
2170,54,Finance,104694,15,5,1,3,No,10,Yes
2171,37,HR,116452,5,1,4,3,No,4,No
2172,57,Finance,107593,12,3,3,4,No,15,No
2173,45,Marketing,55892,3,4,4,4,No,6,No
2174,58,Engineering,97242,13,5,5,3,No,27,No
2175,32,Sales,97606,0,2,4,2,Yes,5,Yes
2176,43,Engineering,20924,19,1,2,1,Yes,5,No
2177,42,HR,71322,4,4,2,4,No,18,No
2178,41,Finance,46478,7,3,4,2,No,28,No
2179,47,Engineering,91042,11,2,5,4,Yes,35,No
2180,51,Finance,66418,1,1,1,3,Yes,22,Yes
2181,26,Marketing,82217,11,5,2,2,No,34,No
2182,47,Sales,110140,4,2,4,5,Yes,4,No
2183,60,Finance,100846,4,2,4,1,No,18,No
2184,54,Engineering,93762,12,4,4,1,No,41,Yes
2185,32,Engineering,31781,8,1,1,4,Yes,26,Yes
2186,27,Marketing,25515,9,4,3,1,Yes,42,No
2187,30,Sales,56133,0,4,5,5,No,22,No
2188,37,HR,102508,2,3,3,2,No,47,No
2189,46,Engineering,117628,17,5,5,2,No,33,No
2190,41,Engineering,96946,11,2,5,3,No,43,No
2191,48,Finance,105058,2,1,4,2,No,14,No
2192,22,Engineering,29095,8,5,2,4,No,31,No
2193,21,Sales,108583,1,5,4,5,No,10,No
2194,56,Engineering,40470,2,1,1,3,Yes,24,Yes
2195,46,Finance,63129,13,5,5,4,No,21,No
2196,49,Sales,28531,3,3,2,4,No,48,Yes
2197,41,Sales,57038,18,5,5,4,No,8,No
2198,31,Sales,107939,12,3,5,1,No,32,No
2199,60,Sales,62674,6,2,4,4,No,31,No
2200,31,Marketing,114658,11,2,2,1,No,34,No
2201,56,Marketing,102476,2,4,2,2,Yes,23,No
2202,59,Engineering,49831,8,3,5,1,Yes,25,No
2203,60,Marketing,77174,1,2,2,4,No,7,Yes
2204,55,Engineering,31279,8,5,2,5,Yes,19,Yes
2205,54,Finance,58220,11,1,4,5,No,7,No
2206,44,Finance,80610,11,1,3,2,No,47,Yes
2207,42,Engineering,72719,14,3,1,4,No,8,No
2208,25,Finance,73051,1,4,3,1,No,14,No
2209,53,Marketing,92013,17,5,2,5,No,1,No
2210,56,Engineering,76652,12,3,5,3,Yes,13,Yes
2211,40,Sales,85524,13,1,1,4,Yes,3,No
2212,39,Engineering,102936,4,3,1,4,No,28,No
2213,55,Marketing,26470,9,5,5,3,Yes,38,Yes
2214,37,Finance,87598,11,2,1,5,No,15,No
2215,54,Marketing,61798,9,5,5,3,Yes,36,Yes
2216,29,Finance,73473,10,2,1,2,No,3,No
2217,46,HR,39880,1,2,3,1,No,4,Yes
2218,22,Marketing,64439,4,2,1,1,Yes,5,No
2219,29,Marketing,34308,6,3,4,5,No,50,Yes
2220,29,Engineering,111563,5,1,5,3,No,26,No
2221,60,HR,116256,2,3,1,4,No,25,No
2222,37,Marketing,55081,12,1,5,4,No,10,No
2223,21,Sales,95242,2,5,4,4,No,8,No
2224,45,Marketing,70383,20,4,1,2,No,12,No
2225,60,Sales,29837,5,5,1,2,No,3,No
2226,45,Engineering,72151,10,3,4,4,No,27,No
2227,59,Marketing,56824,16,3,4,5,Yes,50,No
2228,55,Engineering,53073,9,1,4,2,No,23,Yes
2229,23,Sales,117624,11,3,5,2,No,40,No
2230,57,Engineering,113648,16,2,4,1,No,33,No
2231,50,Finance,46299,3,3,5,1,No,14,No
2232,58,Sales,119993,1,1,3,5,No,23,Yes
2233,54,Finance,78861,10,1,1,2,No,31,No
2234,32,Sales,50063,6,2,1,2,No,13,No
2235,39,Finance,89453,1,1,2,3,No,12,No
2236,57,Finance,88472,17,4,3,5,No,35,No
2237,37,Engineering,34506,20,5,4,5,No,18,No
2238,30,Engineering,114341,3,3,4,3,No,21,No
2239,32,Engineering,99854,7,4,3,3,No,45,No
2240,36,HR,46026,19,3,4,1,No,47,No
2241,44,Sales,47672,13,4,2,5,Yes,42,No
2242,39,Sales,58417,11,3,5,5,Yes,1,No
2243,28,Sales,72413,20,2,1,3,No,38,No
2244,51,Engineering,85066,17,1,3,4,No,41,No
2245,41,Engineering,79213,10,1,1,4,No,42,No
2246,37,HR,70971,7,2,5,1,No,47,No
2247,43,Finance,47281,1,4,3,4,No,9,No
2248,57,Engineering,48091,14,5,5,4,Yes,23,No
2249,36,HR,70494,8,4,4,4,No,14,No
2250,26,Engineering,38610,18,1,4,2,No,11,Yes
2251,28,Marketing,21079,19,5,4,1,No,7,No
2252,45,Finance,115386,7,3,5,3,No,31,Yes
2253,38,Finance,66751,18,5,5,4,Yes,24,No
2254,45,Finance,106126,4,4,5,2,No,26,No
2255,32,Sales,75432,10,2,1,4,Yes,30,Yes
2256,35,Marketing,50951,14,3,5,2,No,34,No
2257,46,Marketing,100863,7,4,4,1,No,46,No
2258,46,Sales,98291,18,3,2,4,No,38,No
2259,52,Finance,79872,7,5,5,2,No,5,No
2260,30,Sales,27235,18,1,2,5,No,5,Yes
2261,36,Marketing,102733,17,4,4,5,No,19,No
2262,27,Sales,82712,9,2,5,2,No,38,Yes
2263,37,Engineering,41473,6,5,1,4,Yes,28,Yes
2264,43,Marketing,87567,8,4,1,4,No,26,No
2265,46,HR,99823,0,2,2,1,No,42,No
2266,41,Engineering,52230,18,4,1,1,Yes,23,Yes
2267,42,Engineering,104573,4,5,1,3,No,46,No
2268,27,Marketing,112588,18,4,1,1,No,49,No
2269,34,Sales,88876,0,3,4,4,No,30,No
2270,35,Engineering,60644,14,5,1,3,No,3,No
2271,27,Finance,68664,15,4,3,1,No,28,No
2272,29,Marketing,65203,6,1,5,2,No,33,No
2273,28,Engineering,86677,11,4,1,5,No,42,No
2274,43,Marketing,45425,7,3,1,1,No,3,Yes
2275,49,Marketing,104817,4,2,1,1,No,5,Yes
2276,38,Finance,105961,9,2,3,2,Yes,19,No
2277,51,Engineering,117649,20,2,1,4,No,42,No
2278,50,Sales,89806,4,1,1,2,Yes,48,No
2279,59,Engineering,62814,16,3,5,1,Yes,1,No
2280,55,Engineering,90219,4,5,3,4,No,38,No
2281,38,HR,69646,14,2,3,3,No,9,Yes
2282,59,Sales,59884,12,3,1,1,Yes,5,No
2283,37,HR,115345,0,4,3,2,Yes,46,Yes
2284,34,Engineering,89322,10,1,2,3,No,42,No
2285,51,Engineering,41650,0,3,3,5,No,34,No
2286,44,Finance,114242,10,3,3,3,No,37,No
2287,55,Engineering,29190,17,5,3,2,Yes,33,No
2288,54,Sales,58196,17,3,4,3,No,25,No
2289,23,Marketing,59449,20,5,4,2,No,42,No
2290,57,Sales,59661,15,1,4,1,No,29,No
2291,60,Marketing,49709,12,1,3,4,No,25,No
2292,46,Marketing,100428,6,4,2,5,No,9,No
2293,43,Engineering,95179,0,5,3,4,No,3,No
2294,59,Marketing,29943,15,5,1,4,Yes,15,No
2295,35,Engineering,63240,0,2,2,4,No,4,Yes
2296,24,Engineering,65760,16,2,4,2,No,45,No
2297,49,Sales,41042,5,4,5,2,No,38,No
2298,42,Engineering,63894,1,1,2,5,No,20,Yes
2299,45,Finance,26869,16,2,4,2,Yes,49,Yes
2300,33,Engineering,81078,5,3,2,2,No,23,No
2301,38,Engineering,76759,13,1,2,2,No,37,Yes
2302,53,Engineering,64306,17,3,3,2,No,47,No
2303,36,HR,75371,5,5,1,1,No,8,No
2304,22,Sales,40918,9,1,5,5,No,37,No
2305,55,Engineering,48379,17,4,4,2,No,45,No
2306,54,Marketing,110810,8,5,2,5,Yes,33,No
2307,50,Sales,103232,7,5,5,3,No,33,No
2308,33,Sales,22962,9,3,2,1,No,7,Yes
2309,33,Sales,33851,16,5,1,2,Yes,22,Yes
2310,38,Engineering,65747,5,2,5,1,No,5,No
2311,52,Finance,72349,13,1,4,1,No,46,No
2312,52,Sales,90832,5,2,2,3,No,15,No
2313,55,Sales,76356,6,3,1,5,No,21,Yes
2314,59,Engineering,34745,11,3,5,1,Yes,25,Yes
2315,49,Marketing,25730,2,1,2,4,No,17,No
2316,49,HR,33921,13,5,2,3,No,50,No
2317,36,Engineering,118430,18,4,4,4,No,7,No
2318,30,Marketing,91138,15,3,1,3,No,50,No
2319,50,HR,103111,6,1,3,4,Yes,19,No
2320,45,Finance,39023,7,4,2,4,No,7,No
2321,59,Marketing,65349,17,5,5,1,No,40,No
2322,40,Engineering,101533,12,3,4,1,No,45,No
2323,25,Engineering,103286,20,1,4,3,Yes,50,Yes
2324,21,Sales,61979,8,1,2,5,No,24,No
2325,50,Engineering,42837,9,1,2,1,No,11,No
2326,23,Finance,34997,20,3,2,1,No,41,No
2327,34,Engineering,108603,8,4,3,2,No,1,No
2328,50,Sales,65039,14,1,2,1,No,32,Yes
2329,24,Marketing,40923,19,5,1,5,Yes,40,No
2330,38,Engineering,28876,1,1,5,2,No,44,No
2331,57,Sales,80973,12,4,2,4,No,2,No
2332,45,Engineering,22887,1,3,3,4,No,15,Yes
2333,21,Engineering,83723,18,1,5,2,No,21,No
2334,35,Marketing,62422,1,1,4,2,No,24,No
2335,29,Sales,71413,2,5,2,2,No,50,No
2336,35,Engineering,22841,5,5,5,3,No,17,No
2337,44,Engineering,48756,2,1,4,5,Yes,47,No
2338,24,Engineering,91576,9,1,3,5,No,9,No
2339,32,HR,30304,5,5,1,4,Yes,35,No
2340,57,Engineering,50341,15,4,2,4,No,20,No
2341,57,Engineering,24758,16,2,1,4,No,19,No
2342,26,Finance,37010,18,2,3,1,No,18,No
2343,59,HR,80758,2,1,5,4,No,20,No
2344,44,Sales,51658,17,5,5,2,No,30,No
2345,31,HR,69002,6,3,3,4,Yes,40,No
2346,33,Marketing,21375,8,3,3,2,No,1,No
2347,54,Marketing,119485,19,2,2,3,Yes,24,Yes
2348,45,Sales,42092,11,4,4,1,No,24,No
2349,27,Finance,20490,4,2,1,1,Yes,47,Yes
2350,24,Engineering,23729,2,1,1,5,Yes,19,Yes
2351,28,Sales,25974,10,4,5,3,Yes,30,No
2352,40,Sales,105216,3,3,5,2,No,26,No
2353,49,Sales,103860,4,5,2,3,No,42,No
2354,30,Marketing,116870,0,5,3,1,No,44,No
2355,54,Sales,41398,17,1,1,2,Yes,38,Yes
2356,46,Sales,54650,11,2,2,3,No,29,No
2357,23,Finance,41292,12,1,5,1,No,13,No
2358,26,Engineering,23159,8,5,5,2,No,4,No
2359,25,Sales,118162,1,3,1,2,No,45,No
2360,25,Sales,82766,4,5,5,1,Yes,17,No
2361,43,Sales,114887,12,4,5,2,No,33,Yes
2362,29,Sales,37065,15,5,4,1,No,5,No
2363,55,Marketing,41638,15,5,3,4,Yes,28,Yes
2364,40,Sales,21073,2,4,5,4,No,24,No
2365,55,Sales,66511,3,2,4,2,No,17,No
2366,38,Marketing,104307,10,5,2,2,Yes,50,No
2367,37,Marketing,49320,13,1,5,1,No,39,No
2368,44,Engineering,89876,2,5,2,2,No,48,Yes
2369,23,Engineering,54924,15,1,5,5,No,40,No
2370,52,Engineering,101720,14,4,1,4,No,44,No
2371,55,Engineering,60734,9,5,4,2,No,46,No
2372,58,Engineering,88116,8,4,4,2,No,11,No
2373,33,Engineering,60025,10,4,1,3,No,12,No
2374,45,Finance,114503,15,2,3,2,Yes,13,Yes
2375,29,Sales,22159,9,5,4,5,No,8,No
2376,24,Marketing,68940,16,1,2,4,No,1,No
2377,34,Sales,99436,18,1,4,3,No,9,No
2378,57,Marketing,96976,1,5,3,1,No,28,No
2379,54,HR,34678,1,2,2,1,No,2,Yes
2380,31,Marketing,81075,5,2,2,4,Yes,14,Yes
2381,23,Sales,67204,18,2,1,1,Yes,13,Yes
2382,48,HR,32021,7,1,5,5,Yes,48,Yes
2383,49,Engineering,26772,2,4,1,2,No,2,Yes
2384,29,Marketing,87163,13,2,5,4,No,4,No
2385,23,Engineering,93755,15,1,1,3,No,12,No
2386,45,Engineering,43464,0,1,5,2,No,48,Yes
2387,54,Engineering,71137,20,4,4,1,No,10,No
2388,32,Engineering,50232,2,5,2,1,No,3,No
2389,29,Engineering,81497,17,5,5,3,No,4,No
2390,35,Sales,94024,8,2,4,5,No,6,No
2391,60,Finance,71448,5,2,3,3,No,23,No
2392,45,Marketing,104517,20,4,1,4,No,5,No
2393,25,Finance,20901,0,2,3,3,No,50,Yes
2394,31,Sales,107980,20,4,4,1,No,3,No
2395,54,Finance,103597,9,1,3,5,Yes,10,No
2396,44,Marketing,22881,5,2,3,5,Yes,43,Yes
2397,35,Marketing,49863,11,1,4,3,No,19,No
2398,58,HR,25622,3,3,2,4,No,14,No
2399,28,Engineering,21378,12,4,5,1,Yes,21,No
2400,25,Marketing,103168,16,3,1,2,Yes,43,No
2401,46,Engineering,113847,7,2,5,5,No,28,Yes
2402,38,Sales,91186,19,1,1,3,No,21,Yes
2403,26,Engineering,65201,2,2,5,4,Yes,36,Yes
2404,57,Finance,79251,11,3,3,4,Yes,24,No
2405,33,Finance,92572,6,2,2,1,Yes,38,Yes
2406,48,Finance,59255,11,5,3,5,Yes,17,No
2407,25,HR,83212,1,3,2,1,No,22,Yes
2408,33,Sales,70210,13,2,4,2,Yes,19,Yes
2409,37,Sales,42499,4,1,1,2,No,45,No
2410,60,Sales,71628,8,2,1,2,No,10,Yes
2411,52,Sales,81360,20,1,4,4,No,11,No
2412,49,Engineering,24603,10,5,5,5,Yes,38,No
2413,23,Sales,113309,4,2,4,1,Yes,2,No
2414,60,Engineering,105473,2,5,4,1,Yes,33,No
2415,54,Finance,32632,16,3,2,2,Yes,43,No
2416,60,Engineering,50607,1,1,4,5,No,31,Yes
2417,47,Finance,111873,0,3,1,5,Yes,48,No
2418,33,HR,85756,6,1,3,3,Yes,35,Yes
2419,53,Sales,66994,13,5,2,5,No,37,No
2420,26,Engineering,83382,4,4,2,5,No,47,No
2421,44,Sales,90354,18,2,5,1,Yes,47,No
2422,39,Engineering,76344,10,5,3,5,Yes,36,No
2423,36,Marketing,73775,1,1,2,5,Yes,23,No
2424,60,Sales,27349,7,1,4,1,No,36,No
2425,48,Sales,91154,8,1,2,5,No,40,Yes
2426,53,Engineering,47464,2,1,2,1,No,39,Yes
2427,33,Finance,62624,1,2,2,3,No,26,Yes
2428,45,Marketing,57344,6,3,5,4,No,25,No
2429,56,Marketing,103791,4,4,2,1,Yes,17,Yes
2430,47,Sales,44299,20,2,2,1,No,15,No
2431,58,Marketing,67975,4,1,5,5,No,37,No
2432,27,Marketing,21462,19,2,3,1,No,45,No
2433,25,HR,101441,12,5,1,2,No,4,Yes
2434,51,Finance,110456,20,1,5,2,No,22,No
2435,43,Engineering,101788,19,4,5,3,No,17,No
2436,30,Finance,60581,5,1,2,1,Yes,22,Yes
2437,52,Finance,91289,19,4,2,5,No,17,No
2438,50,Sales,34175,17,4,1,5,Yes,14,Yes
2439,59,Engineering,26191,1,3,2,4,No,14,No
2440,51,Finance,103434,5,3,4,3,Yes,17,No
2441,38,Sales,104518,8,2,2,5,No,8,No
2442,56,Engineering,100158,2,2,2,4,No,34,No
2443,22,Finance,86537,0,4,4,5,No,26,No
2444,34,HR,67645,0,1,1,4,No,45,Yes
2445,33,Sales,43283,18,5,4,2,No,30,No
2446,49,HR,106971,4,5,5,2,No,22,No
2447,32,Sales,112759,12,1,4,5,Yes,16,No
2448,59,Engineering,79123,18,1,3,3,No,30,No
2449,22,Sales,50024,11,3,5,1,Yes,16,No
2450,52,HR,69630,15,5,2,3,Yes,38,No
2451,33,Engineering,50734,18,4,5,3,Yes,24,No
2452,47,Marketing,20515,2,2,1,1,No,36,No
2453,37,HR,86727,11,3,1,2,No,35,No
2454,60,Engineering,117800,4,5,4,2,Yes,6,No
2455,51,Marketing,66216,1,1,5,1,No,4,No
2456,54,Sales,91833,6,5,2,4,No,18,No
2457,44,HR,78755,12,4,1,3,No,6,No
2458,55,Sales,47856,14,3,2,5,No,26,No
2459,26,Finance,93870,2,1,3,2,Yes,37,No
2460,39,Sales,44162,20,4,1,5,No,27,No
2461,50,Engineering,26008,19,2,4,1,Yes,41,No
2462,27,Marketing,27987,4,3,3,5,No,11,Yes
2463,30,Engineering,82532,7,4,5,5,No,38,No
2464,52,Sales,116502,0,4,2,3,No,16,No
2465,54,HR,23332,7,1,1,1,Yes,19,Yes
2466,48,HR,86323,17,2,3,5,Yes,43,Yes
2467,35,Marketing,58990,19,4,3,2,Yes,15,No
2468,50,Engineering,29873,15,3,1,1,No,26,No
2469,57,HR,102542,17,4,5,2,Yes,41,No
2470,49,Engineering,105761,19,5,5,4,No,31,No
2471,42,Marketing,56444,11,3,4,5,Yes,19,No
2472,24,HR,55340,12,3,5,1,No,24,No
2473,40,Engineering,25033,12,4,4,2,Yes,9,No
2474,52,Sales,93324,9,1,3,5,Yes,23,Yes
2475,56,Sales,35689,6,3,1,3,No,4,No
2476,24,Sales,107134,13,5,5,2,No,10,No
2477,47,Sales,115239,15,1,4,2,No,9,No
2478,37,Engineering,20066,14,1,3,4,Yes,19,No
2479,32,HR,65246,11,1,5,3,No,15,No
2480,42,Sales,27533,8,3,2,4,No,34,No
2481,37,Finance,100639,7,1,3,3,No,42,Yes
2482,30,Sales,90152,17,4,5,2,No,19,No
2483,21,Marketing,79658,17,1,3,4,No,49,No
2484,42,HR,58498,12,5,1,5,Yes,21,No
2485,46,Engineering,31772,17,2,1,3,No,34,No
2486,38,Sales,109385,14,5,1,2,No,17,No
2487,34,HR,69036,3,3,2,1,Yes,18,No
2488,49,Engineering,78531,16,1,1,3,No,17,No
2489,32,Finance,32940,4,1,2,3,Yes,2,No
2490,56,Engineering,36932,15,4,1,5,No,1,No
2491,55,Finance,115305,8,1,3,3,No,43,No
2492,32,Sales,76827,9,5,5,3,Yes,10,No
2493,27,Marketing,81431,17,3,5,5,Yes,37,No
2494,49,HR,44648,16,2,1,5,Yes,48,Yes
2495,31,Marketing,52966,17,1,5,4,No,5,No
2496,53,Sales,47777,6,2,1,2,No,12,No
2497,26,Marketing,52567,3,1,1,2,Yes,36,No
2498,35,Engineering,37174,4,3,4,4,Yes,31,Yes
2499,52,Marketing,62598,15,5,4,2,No,38,No
2500,31,Engineering,79199,2,3,4,3,Yes,9,No
2501,43,Finance,33798,17,2,2,4,No,44,No
2502,46,Sales,85364,20,1,4,4,No,26,No
2503,54,Marketing,37558,13,2,1,2,No,15,Yes
2504,54,Finance,81084,14,5,3,1,No,16,Yes
2505,49,Marketing,64237,16,3,4,2,No,13,No
2506,24,Engineering,85497,0,2,4,1,No,25,Yes
2507,37,Engineering,20178,20,2,3,4,No,30,No
2508,55,Finance,106006,16,5,1,1,No,7,No
2509,33,Sales,37118,10,1,2,3,Yes,4,No
2510,59,Engineering,42616,16,2,4,5,Yes,43,Yes
2511,35,Marketing,20798,13,5,3,1,Yes,40,No
2512,49,Marketing,27601,19,1,1,5,No,38,No
2513,49,Sales,45363,18,1,5,3,No,30,Yes
2514,31,Marketing,22795,20,3,2,5,No,10,No
2515,52,Marketing,117462,6,5,3,3,No,30,No
2516,22,Sales,65264,12,1,3,5,No,39,No
2517,34,Finance,92833,17,3,3,5,Yes,7,No
2518,40,Sales,23084,13,4,4,2,No,36,No
2519,42,Engineering,115865,0,5,5,1,Yes,35,No
2520,31,Sales,96646,6,4,2,5,Yes,24,No
2521,47,Sales,20731,7,1,1,4,No,39,No
2522,23,Finance,21129,17,5,1,2,No,36,No
2523,37,Engineering,48022,8,3,5,1,No,45,No
2524,48,Engineering,21605,0,1,3,2,No,20,No
2525,49,Sales,97506,16,5,3,1,No,49,No
2526,41,HR,64130,18,5,3,3,No,32,No
2527,36,HR,49265,5,4,3,5,No,39,No
2528,57,Engineering,52330,2,1,3,4,No,49,No
2529,40,Engineering,88469,4,3,5,2,No,26,No
2530,26,Finance,35187,1,3,4,2,No,26,No
2531,39,Engineering,45791,19,1,2,2,No,36,Yes
2532,25,Engineering,110436,3,1,3,2,Yes,43,No
2533,23,Engineering,90610,9,2,4,5,No,35,No
2534,21,Marketing,111962,9,4,1,1,No,43,No
2535,58,Engineering,59867,20,1,5,5,Yes,35,No
2536,35,Engineering,20893,10,1,4,3,No,12,No
2537,54,Engineering,119694,15,2,3,5,Yes,33,No
2538,55,Finance,39773,16,2,3,5,No,36,No
2539,45,Engineering,24239,15,5,3,3,Yes,14,No
2540,44,Marketing,40863,6,3,4,5,No,33,No
2541,32,Engineering,71415,15,4,3,1,No,46,No
2542,38,Sales,88968,2,5,4,4,No,45,No
2543,35,Marketing,80430,15,1,3,3,No,45,Yes
2544,36,Engineering,21515,7,2,1,2,No,24,No
2545,47,Finance,117206,11,3,1,1,Yes,15,Yes
2546,28,Finance,34605,2,5,2,4,Yes,31,No
2547,45,Finance,76240,16,3,3,1,No,17,No
2548,37,Sales,25586,20,2,3,1,No,12,No
2549,49,Marketing,51186,17,5,4,2,Yes,22,No
2550,28,Engineering,46928,10,5,4,4,Yes,23,No
2551,35,Finance,118264,3,3,3,1,Yes,26,No
2552,47,HR,103087,15,2,2,2,No,14,No
2553,27,Marketing,107029,16,1,3,3,Yes,12,No
2554,23,Engineering,40711,8,5,4,2,Yes,50,No
2555,49,Engineering,74962,5,1,3,5,No,4,No
2556,44,Sales,40039,19,2,4,2,No,46,No
2557,23,Marketing,56561,1,5,3,2,No,13,No
2558,40,Engineering,95483,8,5,5,2,No,18,No
2559,35,Engineering,117871,20,1,4,1,No,43,No
2560,45,Marketing,101395,5,4,2,4,No,28,No
2561,50,HR,108658,2,1,5,2,No,38,No
2562,34,Sales,21577,19,1,3,2,Yes,41,Yes
2563,27,HR,48350,5,4,4,5,No,44,No
2564,37,Engineering,53798,6,2,5,5,No,19,No
2565,40,Engineering,117434,0,2,2,3,Yes,46,Yes
2566,56,Sales,101417,0,5,4,3,No,47,No
2567,29,Sales,30785,4,3,5,5,Yes,43,Yes
2568,58,Engineering,92227,5,3,5,4,No,38,No
2569,42,Marketing,81957,12,5,5,3,No,46,No
2570,22,Sales,85431,1,3,1,4,Yes,3,Yes
2571,44,Engineering,37297,14,1,3,5,No,19,Yes
2572,28,Finance,91894,14,1,4,3,No,20,No
2573,31,Sales,83772,12,4,4,2,No,25,No
2574,33,Engineering,39581,13,4,4,5,No,11,No
2575,37,Marketing,75192,6,5,5,3,Yes,17,No
2576,28,Finance,21462,13,5,3,4,No,49,No
2577,41,Marketing,84173,9,5,2,4,No,35,No
2578,38,Marketing,35511,16,1,4,3,Yes,14,Yes
2579,50,Marketing,96106,13,3,3,4,No,39,No
2580,38,Engineering,68665,7,5,3,3,No,19,No
2581,51,Marketing,64414,3,5,1,3,No,3,No
2582,58,Sales,101010,15,1,4,4,Yes,34,Yes
2583,52,Finance,92573,12,1,5,1,No,49,No
2584,31,Engineering,113665,19,1,3,2,No,41,No
2585,45,HR,33386,17,3,3,5,No,22,No
2586,53,Engineering,74460,13,5,2,2,Yes,38,No
2587,58,Marketing,26221,17,2,1,5,No,27,No
2588,28,Sales,43474,4,2,3,5,No,21,No
2589,31,Finance,41045,8,5,3,2,Yes,41,No
2590,42,Marketing,111319,2,5,5,3,No,31,No
2591,44,Sales,24922,7,5,5,4,No,27,No
2592,37,Marketing,42706,19,5,2,1,Yes,37,No
2593,32,Marketing,62771,9,3,2,1,Yes,2,Yes
2594,52,HR,72335,18,2,2,1,No,47,No
2595,35,Engineering,118015,20,4,5,2,No,9,No
2596,36,Engineering,72949,2,2,5,2,No,19,No
2597,42,Sales,90714,10,2,1,3,Yes,42,No
2598,48,Engineering,115558,10,1,4,1,No,36,No
2599,40,Finance,35240,16,5,4,3,No,10,No
2600,53,Sales,111756,15,5,1,1,Yes,40,No
2601,30,Marketing,22716,6,5,4,2,No,45,No
2602,60,Engineering,36574,3,1,5,4,Yes,39,No
2603,52,Engineering,103255,18,3,4,4,No,7,No
2604,53,Marketing,93717,11,3,5,4,No,4,No
2605,22,Finance,64066,14,4,1,4,No,15,No
2606,53,Engineering,81826,10,3,2,5,Yes,12,Yes
2607,53,Engineering,40213,4,3,1,1,No,48,No
2608,33,Engineering,91916,4,5,4,4,No,6,No
2609,50,Sales,86151,14,2,5,5,No,9,No
2610,53,Engineering,70906,17,3,4,5,No,35,No
2611,33,Engineering,20463,10,3,4,5,Yes,8,Yes
2612,46,Engineering,51973,11,1,2,3,No,7,Yes
2613,42,Marketing,94694,1,4,4,3,No,4,No
2614,59,Engineering,40651,19,1,2,5,No,13,No
2615,22,Engineering,88694,14,5,5,4,No,19,No
2616,58,Engineering,40008,19,2,5,1,No,7,No
2617,59,Marketing,90474,3,4,2,2,Yes,10,No
2618,46,Finance,58185,17,1,1,3,No,25,No
2619,35,Engineering,107924,5,3,5,4,No,44,No
2620,54,Marketing,94417,18,3,1,4,No,35,No
2621,60,Engineering,91139,10,4,5,2,No,25,No
2622,31,Engineering,54980,1,3,5,2,No,29,No
2623,23,Engineering,42504,7,1,3,4,Yes,12,No
2624,26,Engineering,74970,10,1,4,2,No,47,No
2625,29,Marketing,36766,4,3,4,4,No,40,No
2626,26,Finance,113922,17,3,1,2,No,12,No
2627,29,Sales,31695,17,5,4,2,Yes,6,No
2628,59,HR,37796,13,2,1,4,Yes,10,No
2629,51,HR,62543,9,4,5,5,No,2,No
2630,52,Sales,34559,2,1,3,4,No,45,Yes
2631,32,Sales,53139,8,4,3,1,No,25,No
2632,28,Engineering,28802,2,5,5,2,No,7,No
2633,28,Sales,93843,10,1,2,3,No,40,No
2634,48,Sales,60205,11,5,2,2,Yes,23,No
2635,40,Engineering,118750,11,5,4,1,No,48,No
2636,27,Engineering,54159,2,3,1,3,No,11,Yes
2637,31,Marketing,31516,20,4,3,3,No,36,No
2638,40,HR,70492,6,4,4,4,No,49,No
2639,36,Finance,49086,13,3,5,5,No,48,No
2640,24,Engineering,50480,10,4,3,4,No,23,No
2641,26,Marketing,72091,6,3,1,3,Yes,43,No
2642,42,Finance,67766,20,1,1,3,No,7,Yes
2643,46,Marketing,58737,9,5,2,5,Yes,27,No
2644,23,Engineering,29265,10,5,4,2,No,13,No
2645,34,Marketing,90990,14,4,5,5,No,17,No
2646,31,Sales,111717,18,2,3,4,No,32,No
2647,38,Engineering,35386,15,5,1,2,No,26,No
2648,32,Engineering,57425,20,3,3,4,No,22,No
2649,43,HR,63254,19,2,5,5,No,13,No
2650,32,Sales,109863,11,2,3,2,Yes,12,No
2651,33,Finance,73634,17,5,4,5,No,7,No
2652,45,Marketing,106717,12,5,2,1,No,1,No
2653,39,Engineering,67662,4,5,3,3,No,33,No
2654,56,Finance,106988,3,3,2,2,No,14,No
2655,28,Engineering,119287,13,2,5,3,Yes,47,No
2656,49,Finance,107527,7,4,2,1,Yes,43,No
2657,52,Engineering,95452,8,3,3,2,Yes,41,No
2658,38,Sales,30143,18,1,3,3,No,17,No
2659,26,Marketing,111391,2,5,1,3,Yes,4,Yes
2660,38,Marketing,35581,4,2,3,2,Yes,39,Yes
2661,39,Marketing,87443,20,3,2,3,No,1,No
2662,42,Finance,49424,17,1,1,3,No,41,Yes
2663,57,Marketing,108844,0,3,3,2,No,45,No
2664,52,HR,61984,7,3,3,3,No,24,No
2665,23,Finance,61505,18,4,5,3,No,34,No
2666,48,Marketing,82699,16,4,1,4,No,34,No
2667,30,Engineering,46957,16,3,5,4,No,24,No
2668,55,Finance,45464,10,1,5,1,No,15,No
2669,49,Sales,43649,1,2,5,4,No,17,No
2670,35,Marketing,62065,5,2,4,4,No,13,No
2671,53,Finance,112661,13,5,5,1,Yes,7,No
2672,27,Marketing,54758,2,5,2,3,No,9,No
2673,32,Marketing,25596,11,2,3,3,Yes,44,Yes
2674,50,Marketing,36374,3,3,4,4,No,35,No
2675,41,Engineering,23775,11,3,5,1,Yes,23,No
2676,51,Finance,47388,12,4,3,3,No,47,No
2677,44,Sales,41029,1,4,1,5,No,39,No
2678,40,Sales,103981,1,5,1,2,No,23,No
2679,57,Engineering,73639,14,2,3,2,No,26,No
2680,24,Engineering,34645,16,3,2,2,No,1,No
2681,48,Engineering,51105,6,2,3,4,No,14,No
2682,40,Marketing,33668,13,1,3,2,Yes,32,Yes
2683,44,Engineering,35960,11,2,4,2,No,48,No
2684,52,Engineering,31357,16,1,1,5,No,10,No
2685,56,Sales,84604,13,4,1,3,Yes,1,No
2686,54,Engineering,71796,5,4,5,5,No,5,No
2687,56,HR,35804,18,5,3,4,No,3,No
2688,22,Sales,34626,5,2,3,2,No,49,No
2689,35,Engineering,48132,17,2,2,3,No,50,No
2690,54,Sales,27951,4,1,1,2,No,27,No
2691,56,Sales,26449,5,4,2,2,No,22,No
2692,26,Engineering,39065,1,1,4,4,No,18,No
2693,59,Sales,29130,7,4,5,2,No,16,No
2694,32,Marketing,109360,14,1,2,1,Yes,2,Yes
2695,23,Marketing,82287,14,4,1,3,No,47,No
2696,38,Engineering,71702,10,1,4,3,No,13,No
2697,60,Finance,56993,0,4,3,1,Yes,45,No
2698,41,Engineering,51875,17,1,4,4,Yes,16,No
2699,35,Engineering,26054,11,2,2,2,No,8,No
2700,53,Finance,119809,11,5,1,2,No,43,Yes
2701,55,Sales,68517,10,1,2,3,No,8,No
2702,46,Finance,96368,7,5,3,4,No,10,No
2703,28,Sales,49670,6,2,3,4,No,33,No
2704,56,Engineering,69112,20,2,1,4,Yes,31,No
2705,50,Sales,108388,1,4,5,2,Yes,12,No
2706,43,Marketing,109156,10,5,4,4,No,9,No
2707,34,HR,48307,9,3,4,1,No,37,No
2708,34,Marketing,87087,2,4,3,5,Yes,9,Yes
2709,22,Engineering,67922,19,5,2,4,No,48,No
2710,57,Engineering,83080,9,1,2,5,No,18,No
2711,25,Sales,113348,17,1,5,2,No,30,No
2712,58,Engineering,99335,13,2,2,4,No,32,No
2713,34,Finance,46312,17,3,4,3,No,40,No
2714,59,Engineering,86985,7,1,2,2,Yes,23,Yes
2715,45,Marketing,77608,9,5,5,1,Yes,11,No
2716,40,Marketing,109962,12,5,4,1,No,20,No
2717,22,Engineering,60277,20,1,2,5,No,19,No
2718,59,HR,51551,7,5,4,5,No,36,No
2719,26,Sales,109813,3,5,3,3,Yes,26,No
2720,37,Sales,76597,3,2,3,3,No,10,No
2721,45,Sales,65212,4,3,3,1,Yes,24,No
2722,48,HR,29637,0,2,2,4,Yes,13,No
2723,22,Engineering,63258,16,3,5,1,No,46,No
2724,55,Engineering,55693,1,5,4,1,No,34,No
2725,57,Engineering,29824,7,3,1,3,Yes,29,Yes
2726,25,Engineering,46950,6,5,3,5,Yes,36,No
2727,21,Marketing,43488,14,5,3,3,No,7,No
2728,60,Marketing,20215,4,2,1,3,No,30,No
2729,32,Sales,31523,1,2,1,3,No,17,Yes
2730,56,Sales,95900,6,4,2,1,No,48,No
2731,43,Marketing,88689,7,1,4,4,No,13,Yes
2732,51,Engineering,43834,6,4,3,1,Yes,24,No
2733,31,Marketing,54474,6,4,5,2,Yes,31,Yes
2734,30,Engineering,63066,13,3,2,3,No,27,Yes
2735,23,Engineering,119871,20,5,2,3,Yes,50,No
2736,34,Sales,30400,17,5,5,2,No,21,No
2737,36,Engineering,30345,5,5,5,3,No,44,No
2738,30,HR,53896,3,1,5,3,No,1,No
2739,49,Engineering,105430,9,3,1,3,No,15,Yes
2740,30,Marketing,48899,17,3,3,2,No,3,No
2741,32,Finance,48229,11,5,1,1,Yes,6,No
2742,50,Engineering,25583,15,4,3,3,No,14,No
2743,21,Marketing,24897,6,1,1,4,Yes,38,Yes
2744,25,Engineering,91537,5,4,4,2,No,33,No
2745,40,Engineering,24567,4,2,3,5,No,38,Yes
2746,28,Marketing,94807,2,3,2,2,Yes,8,Yes
2747,32,Engineering,97239,11,3,3,1,No,26,No
2748,21,HR,33329,14,4,3,2,Yes,15,No
2749,40,Sales,91792,9,1,3,5,Yes,14,No
2750,48,HR,20228,19,3,4,4,No,48,No
2751,57,Finance,110282,18,4,1,5,Yes,20,No
2752,57,Finance,102214,15,1,2,2,Yes,48,Yes
2753,32,Marketing,57052,10,4,1,5,No,19,No
2754,57,Marketing,77769,7,1,1,2,No,33,No
2755,48,HR,66032,2,5,5,4,Yes,36,Yes
2756,35,HR,108721,6,1,4,4,No,24,No
2757,26,Sales,53686,6,2,5,1,No,10,Yes
2758,40,Engineering,96981,13,5,4,4,Yes,50,No
2759,34,Engineering,118802,1,4,1,3,No,34,No
2760,22,Finance,83261,9,5,1,5,No,36,Yes
2761,29,Engineering,22809,18,5,4,5,No,47,Yes
2762,57,Engineering,61785,8,4,1,2,No,36,No
2763,40,Engineering,56547,15,4,1,4,Yes,16,No
2764,46,HR,62818,18,2,2,1,No,15,No
2765,49,Marketing,91927,17,4,5,1,No,18,No
2766,21,Sales,85681,8,3,5,1,Yes,7,No
2767,55,Engineering,99465,15,3,5,3,Yes,47,No
2768,26,Marketing,109862,12,2,3,4,No,22,No
2769,57,Engineering,115527,9,1,2,1,No,32,No
2770,25,Engineering,57333,19,1,5,3,No,43,No
2771,53,Marketing,36576,13,3,5,5,No,19,No
2772,34,Marketing,59405,11,4,2,2,No,40,No
2773,32,Sales,114000,18,2,1,4,No,1,No
2774,40,Marketing,93779,6,1,5,4,Yes,35,No
2775,44,Marketing,51601,14,1,1,5,Yes,5,No
2776,54,Engineering,87946,15,5,5,4,No,50,No
2777,45,Finance,87356,7,3,4,4,No,12,No
2778,49,Marketing,72116,9,4,3,4,No,12,No
2779,59,Marketing,82894,3,2,5,4,No,21,No
2780,51,Marketing,54635,18,1,4,3,No,19,No
2781,43,Sales,27465,18,5,2,3,Yes,9,Yes
2782,58,Sales,76754,20,3,4,2,No,43,No
2783,40,Engineering,117975,14,3,2,4,No,49,No
2784,43,Engineering,112850,13,2,5,5,Yes,48,No
2785,36,Engineering,105119,0,1,2,1,No,36,No
2786,28,Finance,112691,15,2,4,2,No,42,No
2787,41,Marketing,58871,9,2,3,1,No,47,Yes
2788,21,HR,82874,18,5,1,1,Yes,32,No
2789,28,Finance,97733,2,3,1,4,Yes,35,No
2790,49,Marketing,49511,4,4,3,5,No,31,No
2791,52,Engineering,100960,8,3,1,1,No,32,Yes
2792,58,Sales,68821,17,3,5,1,No,37,Yes
2793,25,Engineering,85776,10,5,5,2,No,32,No
2794,42,Marketing,90167,15,4,4,5,No,43,No
2795,54,Engineering,95135,1,1,4,5,Yes,37,No
2796,21,Marketing,64462,11,4,2,1,No,39,No
2797,46,Sales,81382,5,1,4,5,Yes,38,Yes
2798,30,Marketing,110194,10,4,5,2,No,30,No
2799,50,Marketing,52574,7,2,4,2,Yes,32,Yes
2800,38,Marketing,61910,11,4,1,2,No,45,No
2801,37,Finance,93531,1,5,2,4,Yes,2,No
2802,46,Marketing,45186,8,1,2,1,No,11,No
2803,28,Finance,114781,14,3,5,5,Yes,20,No
2804,60,Finance,42813,1,5,4,2,No,37,No
2805,32,Marketing,98812,0,1,1,1,Yes,9,Yes
2806,47,Marketing,105525,9,1,4,1,No,38,No
2807,28,Sales,98282,1,3,3,4,No,49,No
2808,45,Engineering,38557,11,2,4,5,No,19,No
2809,24,HR,48060,7,5,5,5,No,40,No
2810,53,Engineering,78866,4,3,4,2,No,7,No
2811,21,Engineering,92104,0,3,2,2,No,5,No
2812,39,Finance,104577,14,2,1,1,No,47,No
2813,51,Finance,26080,5,5,5,5,No,42,No
2814,36,Marketing,33854,11,3,3,5,Yes,24,No
2815,34,Engineering,87695,7,2,1,2,No,48,Yes
2816,25,Sales,47025,12,5,1,3,Yes,41,Yes
2817,46,Sales,72982,18,4,2,1,No,7,No
2818,48,Engineering,61081,0,1,2,5,Yes,11,Yes
2819,22,Sales,24368,10,2,2,4,No,9,No
2820,26,Sales,119621,19,1,5,4,Yes,49,No
2821,29,Finance,47094,0,4,4,3,No,30,No
2822,53,Marketing,66040,7,3,1,2,No,41,No
2823,45,Engineering,86766,4,3,4,2,No,3,No
2824,33,Sales,103053,16,5,4,2,Yes,22,No
2825,29,Engineering,43991,7,2,2,4,No,40,No
2826,33,Sales,21301,9,2,4,2,No,20,No
2827,51,Finance,48610,1,5,1,4,No,32,No
2828,31,Engineering,101463,8,1,1,3,Yes,48,Yes
2829,24,Engineering,54678,2,3,3,1,No,7,No
2830,54,Engineering,44466,17,3,5,5,No,7,Yes
2831,58,Sales,100440,6,2,4,3,Yes,20,No
2832,24,HR,60875,14,2,5,4,Yes,25,No
2833,58,Marketing,46081,20,5,5,3,No,45,No
2834,39,Marketing,44354,19,4,5,5,No,35,No
2835,26,Sales,113297,17,1,5,1,Yes,44,No
2836,54,HR,38300,2,4,1,5,No,24,No
2837,38,HR,84384,13,4,4,4,Yes,40,No
2838,33,Finance,115027,1,2,3,5,No,13,No
2839,43,Engineering,80892,13,2,5,3,No,48,No
2840,39,Engineering,55525,10,2,3,2,Yes,39,Yes
2841,31,HR,46532,15,4,1,3,No,4,No
2842,21,HR,26464,7,1,1,4,No,12,No
2843,44,Engineering,36562,6,2,2,1,No,17,Yes
2844,27,Engineering,75514,10,3,5,5,Yes,1,No
2845,45,Engineering,94219,2,1,2,1,Yes,17,No
2846,41,Finance,52634,16,3,3,4,No,2,No
2847,35,Engineering,20060,13,1,4,5,Yes,6,No
2848,21,Finance,29269,5,2,2,3,No,44,No
2849,32,Engineering,83143,7,5,1,3,Yes,11,No
2850,27,Finance,43065,4,2,5,4,No,43,Yes
2851,35,Marketing,22895,7,4,3,5,Yes,18,No
2852,41,Engineering,100859,1,4,1,3,No,40,Yes
2853,39,Finance,32352,14,1,4,4,No,25,No
2854,49,Sales,69737,11,4,5,4,Yes,39,No
2855,45,Finance,116426,16,2,4,1,No,28,Yes
2856,53,HR,52016,0,3,4,3,No,46,No
2857,52,Sales,81304,14,2,5,5,Yes,16,No
2858,55,HR,31962,13,1,5,3,No,12,No
2859,58,Finance,53302,19,4,4,3,No,41,No
2860,46,Sales,105382,15,3,3,3,Yes,29,No
2861,31,HR,24011,8,5,5,4,Yes,23,No
2862,55,Marketing,39782,0,3,1,2,No,21,No
2863,28,Marketing,87691,16,3,2,2,No,16,No
2864,34,Engineering,59725,12,2,3,1,No,48,No
2865,30,Sales,29196,20,5,5,3,Yes,41,No
2866,22,Sales,63459,20,1,5,2,No,45,No
2867,29,HR,107245,4,1,3,1,Yes,26,Yes
2868,23,Engineering,98863,9,3,2,4,No,37,No
2869,41,Finance,52769,5,3,4,3,Yes,22,No
2870,46,Sales,44700,18,4,1,5,No,10,No
2871,28,Marketing,100356,12,5,5,4,No,7,No
2872,22,Sales,96427,0,3,2,1,No,9,Yes
2873,26,Sales,25269,19,4,1,4,No,25,No
2874,48,Engineering,63880,14,5,3,5,No,46,No
2875,49,Engineering,28320,13,1,5,4,No,15,No
2876,46,Marketing,69589,7,4,4,1,No,13,No
2877,45,Finance,96276,9,5,3,5,Yes,42,Yes
2878,32,HR,55897,8,4,5,5,No,46,No
2879,25,Finance,78565,16,3,2,4,No,26,No
2880,54,Finance,50930,8,2,1,5,Yes,21,Yes
2881,57,HR,77233,2,1,1,4,Yes,23,Yes
2882,35,Marketing,102821,10,3,5,3,No,44,No
2883,56,HR,34380,11,3,3,5,Yes,28,Yes
2884,35,Sales,96896,9,5,4,4,No,38,No
2885,43,Marketing,90934,16,4,2,3,No,12,No
2886,26,Sales,75830,16,1,5,5,No,24,No
2887,41,HR,25529,10,3,2,3,Yes,13,No
2888,43,Marketing,114598,3,5,1,5,No,40,No
2889,36,Sales,102987,6,1,4,1,No,48,Yes
2890,35,Sales,69178,20,4,2,1,No,2,No
2891,45,Finance,26937,13,3,5,4,Yes,39,No
2892,56,HR,59886,6,3,4,2,No,12,Yes
2893,31,Sales,69699,7,3,3,1,No,39,No
2894,35,Marketing,96396,0,1,5,2,No,14,No
2895,24,HR,110678,3,1,2,3,No,30,No
2896,41,Engineering,45279,11,1,4,3,Yes,41,Yes
2897,33,Finance,58106,2,1,5,2,No,50,No
2898,42,Marketing,99737,12,5,4,4,No,43,No
2899,39,Engineering,60544,19,2,4,5,No,48,No
2900,54,Marketing,28997,5,5,4,2,No,19,No
2901,34,Finance,105711,10,3,2,2,No,31,Yes
2902,24,Sales,60860,3,5,5,2,No,43,No
2903,47,Sales,23225,19,4,1,2,Yes,50,No
2904,49,Sales,79470,15,1,1,2,Yes,43,No
2905,48,Marketing,83656,6,4,2,4,No,25,No
2906,55,HR,71880,10,4,2,1,No,4,No
2907,28,HR,81078,0,3,4,5,No,50,No
2908,36,Finance,108646,6,1,5,1,No,13,No
2909,56,Marketing,96290,11,4,5,2,Yes,36,No
2910,50,Sales,76633,6,3,3,1,No,42,No
2911,38,Engineering,46655,6,1,3,4,No,37,No
2912,22,Engineering,63601,9,2,1,3,No,3,No
2913,33,Engineering,23114,15,3,3,1,No,16,No
2914,24,Marketing,46502,7,5,3,5,No,26,No
2915,46,Finance,69768,8,1,1,4,No,40,No
2916,45,Engineering,68128,8,4,1,3,No,39,No
2917,50,HR,40028,1,4,3,4,Yes,19,No
2918,31,Marketing,75565,12,5,5,2,No,46,No
2919,27,Engineering,103123,12,5,3,3,No,15,No
2920,51,Sales,55333,3,4,4,5,No,32,No
2921,30,Engineering,23174,11,1,4,3,No,49,No
2922,59,Sales,55398,16,3,4,5,No,21,No
2923,33,Finance,55929,1,5,2,2,No,1,No
2924,51,Sales,24321,12,5,4,5,Yes,6,No
2925,27,Engineering,115971,17,5,5,4,Yes,27,No
2926,56,Engineering,75421,14,2,2,1,No,23,No
2927,40,Finance,92635,7,1,2,4,No,47,No
2928,24,Sales,43760,14,1,4,4,Yes,31,No
2929,27,Sales,31360,0,1,3,3,No,12,Yes
2930,21,Sales,30313,19,1,1,2,No,21,No
2931,33,Sales,105998,9,1,3,1,Yes,2,No
2932,42,Sales,25801,11,4,3,5,No,5,No
2933,41,HR,34130,4,5,2,3,Yes,9,No
2934,42,Sales,34271,8,4,2,2,No,20,No
2935,48,Sales,36075,7,2,2,1,No,46,No
2936,29,Marketing,38984,15,3,5,4,No,18,No
2937,46,Engineering,108095,13,5,5,2,No,22,No
2938,29,Engineering,80942,12,2,1,2,Yes,8,No
2939,35,Engineering,32861,20,4,2,2,No,34,No
2940,30,Finance,118970,12,3,4,4,No,9,No
2941,44,Sales,102203,4,2,2,5,No,7,No
2942,28,Finance,91376,15,3,5,3,No,30,No
2943,44,Marketing,81247,10,2,2,5,No,18,No
2944,36,Sales,89101,4,4,5,1,No,27,No
2945,46,Finance,40977,12,3,2,3,Yes,16,Yes
2946,47,Engineering,70617,10,2,4,1,No,21,No
2947,57,Sales,77473,18,4,1,4,No,5,No
2948,24,Marketing,106654,2,5,4,5,No,29,No
2949,44,Marketing,108177,14,4,5,2,No,47,No
2950,39,HR,92902,6,4,3,3,Yes,37,No
2951,56,Sales,112172,6,5,4,2,No,43,No
2952,59,Engineering,35630,5,4,2,1,No,22,No
2953,30,Marketing,40056,2,5,1,2,No,14,No
2954,45,Engineering,27382,12,5,2,2,No,19,No
2955,38,Engineering,75739,6,5,2,4,No,35,Yes
2956,39,Sales,101685,4,2,4,4,Yes,24,No
2957,56,Sales,68639,17,3,1,5,No,42,Yes
2958,30,Finance,79838,7,2,3,1,No,6,No
2959,53,Engineering,66041,16,5,2,4,No,3,No
2960,25,Finance,20992,19,3,1,4,No,34,No
2961,55,Engineering,92394,0,3,3,5,No,45,No
2962,54,Marketing,87657,13,5,2,3,No,50,No
2963,53,Engineering,47160,16,3,1,5,No,2,Yes
2964,41,Engineering,65156,9,3,4,2,No,15,No
2965,37,Sales,71375,11,2,2,2,Yes,37,Yes
2966,42,Engineering,106442,15,3,2,4,No,15,No
2967,57,Engineering,39572,13,5,1,4,No,32,No
2968,35,Finance,24136,15,1,2,5,Yes,21,Yes
2969,55,Marketing,81868,7,1,3,5,No,17,No
2970,48,Sales,102263,9,1,2,1,No,34,Yes
2971,27,Sales,52167,16,5,5,2,No,32,No
2972,52,Sales,35479,17,1,3,5,Yes,50,Yes
2973,31,HR,51376,19,2,1,3,No,47,No
2974,30,Marketing,24823,15,5,3,1,No,23,No
2975,29,Finance,90456,16,5,5,5,Yes,35,No
2976,34,Sales,39585,15,5,5,4,No,37,No
2977,33,Engineering,37272,18,3,2,5,Yes,43,No
2978,45,Engineering,46619,7,3,2,4,No,41,Yes
2979,22,Marketing,95069,5,3,4,4,No,37,No
2980,55,HR,59895,5,4,3,2,Yes,33,No
2981,27,Marketing,23720,20,2,4,2,Yes,25,No
2982,41,Marketing,39267,8,5,5,5,No,46,No
2983,38,Sales,35696,3,5,2,5,No,37,No
2984,23,Marketing,49968,11,3,2,3,Yes,40,No
2985,59,Sales,73364,11,5,2,1,No,21,Yes
2986,31,Marketing,43345,16,5,1,1,Yes,46,No
2987,59,Engineering,71567,14,1,5,5,Yes,48,No
2988,44,Engineering,111229,8,5,2,2,No,38,No
2989,39,Finance,81607,6,4,5,3,No,40,No
2990,24,Finance,39385,9,3,2,1,No,34,No
2991,46,Marketing,103658,15,2,3,5,Yes,19,No
2992,58,Engineering,86900,11,2,5,2,Yes,27,No
2993,52,Marketing,88244,6,1,4,2,No,9,Yes
2994,59,Engineering,85425,17,2,1,2,Yes,5,Yes
2995,56,Finance,98518,14,2,4,4,No,5,No
2996,60,Engineering,102844,5,3,5,2,Yes,25,No
2997,57,Finance,52919,11,3,2,5,No,26,No
2998,53,Finance,110697,10,4,5,3,Yes,19,No
2999,56,Marketing,77196,19,1,1,5,No,30,No
3000,23,Engineering,99401,2,2,5,2,No,36,Yes
